{"type": "FeatureCollection", "features": [{"type": "Feature", "properties": {"name": "Luan Chau", "adm0name": "Vietnam", "adm1name": "Vi?n Bi", "pop_max": 7335}, "geometry": {"type": "Point", "coordinates": [103.343005, 21.740004]}}, {"type": "Feature", "properties": {"name": "S\u01a1n La", "adm0name": "Vietnam", "adm1name": "Son La", "pop_max": 19054}, "geometry": {"type": "Point", "coordinates": [103.910005, 21.328002]}}, {"type": "Feature", "properties": {"name": "Y\u00ean B\u00e1i", "adm0name": "Vietnam", "adm1name": "Y\u00ean B\u00e1i", "pop_max": 96540}, "geometry": {"type": "Point", "coordinates": [104.875003, 21.705003]}}, {"type": "Feature", "properties": {"name": "Salyan", "adm0name": "Nepal", "adm1name": "Rapti", "pop_max": 15000}, "geometry": {"type": "Point", "coordinates": [82.183303, 28.35]}}, {"type": "Feature", "properties": {"name": "Mae Hong Son", "adm0name": "Thailand", "adm1name": "Mae Hong Son", "pop_max": 9109}, "geometry": {"type": "Point", "coordinates": [97.968997, 19.301004]}}, {"type": "Feature", "properties": {"name": "Phangnga", "adm0name": "Thailand", "adm1name": "Phangnga", "pop_max": 9676}, "geometry": {"type": "Point", "coordinates": [98.533999, 8.451]}}, {"type": "Feature", "properties": {"name": "Ranong", "adm0name": "Thailand", "adm1name": "Ranong", "pop_max": 24561}, "geometry": {"type": "Point", "coordinates": [98.638003, 9.962001]}}, {"type": "Feature", "properties": {"name": "Krabi", "adm0name": "Thailand", "adm1name": "Krabi", "pop_max": 31219}, "geometry": {"type": "Point", "coordinates": [98.911999, 8.052003]}}, {"type": "Feature", "properties": {"name": "Phatthalung", "adm0name": "Thailand", "adm1name": "Phatthalung", "pop_max": 43522}, "geometry": {"type": "Point", "coordinates": [100.081, 7.614999]}}, {"type": "Feature", "properties": {"name": "Satun", "adm0name": "Thailand", "adm1name": "Satun", "pop_max": 34544}, "geometry": {"type": "Point", "coordinates": [100.066699, 6.616701]}}, {"type": "Feature", "properties": {"name": "Lamphun", "adm0name": "Thailand", "adm1name": "Lamphun", "pop_max": 14030}, "geometry": {"type": "Point", "coordinates": [99.007052, 18.573985]}}, {"type": "Feature", "properties": {"name": "Kamphaeng Phet", "adm0name": "Thailand", "adm1name": "Kamphaeng Phet", "pop_max": 58787}, "geometry": {"type": "Point", "coordinates": [99.529003, 16.472997]}}, {"type": "Feature", "properties": {"name": "Phichit", "adm0name": "Thailand", "adm1name": "Phichit", "pop_max": 35760}, "geometry": {"type": "Point", "coordinates": [100.349002, 16.439004]}}, {"type": "Feature", "properties": {"name": "Phetchabun", "adm0name": "Thailand", "adm1name": "Phetchabun", "pop_max": 50656}, "geometry": {"type": "Point", "coordinates": [101.159002, 16.418997]}}, {"type": "Feature", "properties": {"name": "Supham Buri", "adm0name": "Thailand", "adm1name": "Suphan Buri", "pop_max": 53399}, "geometry": {"type": "Point", "coordinates": [100.128997, 14.471001]}}, {"type": "Feature", "properties": {"name": "Ang Thong", "adm0name": "Thailand", "adm1name": "Ang Thong", "pop_max": 13738}, "geometry": {"type": "Point", "coordinates": [100.45, 14.583303]}}, {"type": "Feature", "properties": {"name": "Chainat", "adm0name": "Thailand", "adm1name": "Chai Nat", "pop_max": 15469}, "geometry": {"type": "Point", "coordinates": [100.126, 15.179004]}}, {"type": "Feature", "properties": {"name": "Nakhon Nayok", "adm0name": "Thailand", "adm1name": "Nakhon Nayok", "pop_max": 21309}, "geometry": {"type": "Point", "coordinates": [101.215999, 14.200002]}}, {"type": "Feature", "properties": {"name": "Sing Buri", "adm0name": "Thailand", "adm1name": "Sing Buri", "pop_max": 20046}, "geometry": {"type": "Point", "coordinates": [100.401004, 14.886999]}}, {"type": "Feature", "properties": {"name": "Nakhon Pathom", "adm0name": "Thailand", "adm1name": "Nakhon Pathom", "pop_max": 117927}, "geometry": {"type": "Point", "coordinates": [100.063999, 13.817997]}}, {"type": "Feature", "properties": {"name": "Prachuap Khiri Khan", "adm0name": "Thailand", "adm1name": "Prachuap Khiri Khan", "pop_max": 33521}, "geometry": {"type": "Point", "coordinates": [99.800002, 11.802996]}}, {"type": "Feature", "properties": {"name": "Samut Sakhon", "adm0name": "Thailand", "adm1name": "Samut Sakhon", "pop_max": 63498}, "geometry": {"type": "Point", "coordinates": [100.274005, 13.536]}}, {"type": "Feature", "properties": {"name": "Samut Songkhram", "adm0name": "Thailand", "adm1name": "Samut Songkhram", "pop_max": 35065}, "geometry": {"type": "Point", "coordinates": [100.000999, 13.412997]}}, {"type": "Feature", "properties": {"name": "Yasothon", "adm0name": "Thailand", "adm1name": "Yasothon", "pop_max": 21643}, "geometry": {"type": "Point", "coordinates": [104.150998, 15.787998]}}, {"type": "Feature", "properties": {"name": "Chachoengsao", "adm0name": "Thailand", "adm1name": "Chachoengsao", "pop_max": 49741}, "geometry": {"type": "Point", "coordinates": [101.076004, 13.679001]}}, {"type": "Feature", "properties": {"name": "Trat", "adm0name": "Thailand", "adm1name": "Trat", "pop_max": 21590}, "geometry": {"type": "Point", "coordinates": [102.509002, 12.237003]}}, {"type": "Feature", "properties": {"name": "Kalasin", "adm0name": "Thailand", "adm1name": "Kalasin", "pop_max": 55102}, "geometry": {"type": "Point", "coordinates": [103.509001, 16.427997]}}, {"type": "Feature", "properties": {"name": "Maha Sarakham", "adm0name": "Thailand", "adm1name": "Maha Sarakham", "pop_max": 51584}, "geometry": {"type": "Point", "coordinates": [103.298005, 16.183998]}}, {"type": "Feature", "properties": {"name": "Roi Et", "adm0name": "Thailand", "adm1name": "Roi Et", "pop_max": 39328}, "geometry": {"type": "Point", "coordinates": [103.654999, 16.050996]}}, {"type": "Feature", "properties": {"name": "Pattani", "adm0name": "Thailand", "adm1name": "Pattani", "pop_max": 150000}, "geometry": {"type": "Point", "coordinates": [101.250001, 6.864003]}}, {"type": "Feature", "properties": {"name": "Baglung", "adm0name": "Nepal", "adm1name": "Dhawalagiri", "pop_max": 23296}, "geometry": {"type": "Point", "coordinates": [83.583298, 28.266696]}}, {"type": "Feature", "properties": {"name": "Jumla", "adm0name": "Nepal", "adm1name": "Karnali", "pop_max": 9073}, "geometry": {"type": "Point", "coordinates": [82.216702, 29.25]}}, {"type": "Feature", "properties": {"name": "Bhairawa", "adm0name": "Nepal", "adm1name": "Lumbini", "pop_max": 63367}, "geometry": {"type": "Point", "coordinates": [83.3833, 27.533304]}}, {"type": "Feature", "properties": {"name": "Dandeldhura", "adm0name": "Nepal", "adm1name": "Mahakali", "pop_max": 19014}, "geometry": {"type": "Point", "coordinates": [80.600004, 29.300004]}}, {"type": "Feature", "properties": {"name": "Dhangarhi", "adm0name": "Nepal", "adm1name": "Achham", "pop_max": 92294}, "geometry": {"type": "Point", "coordinates": [80.593003, 28.694997]}}, {"type": "Feature", "properties": {"name": "Ramechhap", "adm0name": "Nepal", "adm1name": "Janakpur", "pop_max": 15000}, "geometry": {"type": "Point", "coordinates": [86.086999, 27.325998]}}, {"type": "Feature", "properties": {"name": "Bhimphedi", "adm0name": "Nepal", "adm1name": "Narayani", "pop_max": 15000}, "geometry": {"type": "Point", "coordinates": [85.130002, 27.550998]}}, {"type": "Feature", "properties": {"name": "Rajbiraj", "adm0name": "Nepal", "adm1name": "Sagarmatha", "pop_max": 33061}, "geometry": {"type": "Point", "coordinates": [86.733298, 26.533296]}}, {"type": "Feature", "properties": {"name": "Ilam", "adm0name": "Nepal", "adm1name": "Mechi", "pop_max": 17491}, "geometry": {"type": "Point", "coordinates": [87.926005, 26.908002]}}, {"type": "Feature", "properties": {"name": "Trincomalee", "adm0name": "Sri Lanka", "adm1name": "Trincomalee", "pop_max": 108420}, "geometry": {"type": "Point", "coordinates": [81.233002, 8.568999]}}, {"type": "Feature", "properties": {"name": "Puttalan", "adm0name": "Sri Lanka", "adm1name": "Puttalam", "pop_max": 45661}, "geometry": {"type": "Point", "coordinates": [79.826004, 8.033004]}}, {"type": "Feature", "properties": {"name": "Ratnapura", "adm0name": "Sri Lanka", "adm1name": "Ratnapura", "pop_max": 47832}, "geometry": {"type": "Point", "coordinates": [80.386003, 6.693003]}}, {"type": "Feature", "properties": {"name": "Kangar", "adm0name": "Malaysia", "adm1name": "Perlis", "pop_max": 63869}, "geometry": {"type": "Point", "coordinates": [100.189999, 6.433002]}}, {"type": "Feature", "properties": {"name": "Kuala Lipis", "adm0name": "Malaysia", "adm1name": "Pahang", "pop_max": 15448}, "geometry": {"type": "Point", "coordinates": [102.042001, 4.184001]}}, {"type": "Feature", "properties": {"name": "Shah Alam", "adm0name": "Malaysia", "adm1name": "Selangor", "pop_max": 481654}, "geometry": {"type": "Point", "coordinates": [101.549998, 3.066696]}}, {"type": "Feature", "properties": {"name": "Ban Houayxay", "adm0name": "Laos", "adm1name": "Bokeo", "pop_max": 6347}, "geometry": {"type": "Point", "coordinates": [100.412778, 20.2775]}}, {"type": "Feature", "properties": {"name": "Louang Namtha", "adm0name": "Laos", "adm1name": "Louang Namtha", "pop_max": 3225}, "geometry": {"type": "Point", "coordinates": [101.416699, 20.950002]}}, {"type": "Feature", "properties": {"name": "Xam Nua", "adm0name": "Laos", "adm1name": "Houaphan", "pop_max": 38992}, "geometry": {"type": "Point", "coordinates": [104.033305, 20.416698]}}, {"type": "Feature", "properties": {"name": "Phongsali", "adm0name": "Laos", "adm1name": "Ph\u00f4ngsali", "pop_max": 6000}, "geometry": {"type": "Point", "coordinates": [102.099997, 21.683304]}}, {"type": "Feature", "properties": {"name": "Qala i Naw", "adm0name": "Afghanistan", "adm1name": "Badghis", "pop_max": 2997}, "geometry": {"type": "Point", "coordinates": [63.1333, 34.983]}}, {"type": "Feature", "properties": {"name": "Chaghcharan", "adm0name": "Afghanistan", "adm1name": "Ghor", "pop_max": 15000}, "geometry": {"type": "Point", "coordinates": [65.250001, 34.516701]}}, {"type": "Feature", "properties": {"name": "Lashkar Gah", "adm0name": "Afghanistan", "adm1name": "Hilmand", "pop_max": 201546}, "geometry": {"type": "Point", "coordinates": [64.36, 31.582998]}}, {"type": "Feature", "properties": {"name": "Zaranj", "adm0name": "Afghanistan", "adm1name": "Nimroz", "pop_max": 49851}, "geometry": {"type": "Point", "coordinates": [61.886997, 31.112001]}}, {"type": "Feature", "properties": {"name": "Tarin Kowt", "adm0name": "Afghanistan", "adm1name": "Uruzgan", "pop_max": 10000}, "geometry": {"type": "Point", "coordinates": [65.866699, 32.633298]}}, {"type": "Feature", "properties": {"name": "Zareh Sharan", "adm0name": "Afghanistan", "adm1name": "Paktika", "pop_max": 13737}, "geometry": {"type": "Point", "coordinates": [68.416704, 32.85]}}, {"type": "Feature", "properties": {"name": "Asadabad", "adm0name": "Afghanistan", "adm1name": "Kunar", "pop_max": 48400}, "geometry": {"type": "Point", "coordinates": [71.150005, 34.866]}}, {"type": "Feature", "properties": {"name": "Taloqan", "adm0name": "Afghanistan", "adm1name": "Takhar", "pop_max": 64256}, "geometry": {"type": "Point", "coordinates": [69.540004, 36.729999]}}, {"type": "Feature", "properties": {"name": "Mahmud-E Eraqi", "adm0name": "Afghanistan", "adm1name": "Kapisa", "pop_max": 7407}, "geometry": {"type": "Point", "coordinates": [69.333301, 35.016696]}}, {"type": "Feature", "properties": {"name": "Mehtar Lam", "adm0name": "Afghanistan", "adm1name": "Laghman", "pop_max": 17345}, "geometry": {"type": "Point", "coordinates": [70.166701, 34.65]}}, {"type": "Feature", "properties": {"name": "Baraki Barak", "adm0name": "Afghanistan", "adm1name": "Logar", "pop_max": 22305}, "geometry": {"type": "Point", "coordinates": [68.966703, 33.966702]}}, {"type": "Feature", "properties": {"name": "Aybak", "adm0name": "Afghanistan", "adm1name": "Samangan", "pop_max": 24000}, "geometry": {"type": "Point", "coordinates": [68.040001, 36.261]}}, {"type": "Feature", "properties": {"name": "Mayda Shahr", "adm0name": "Afghanistan", "adm1name": "Wardak", "pop_max": 35008}, "geometry": {"type": "Point", "coordinates": [68.799997, 34.450002]}}, {"type": "Feature", "properties": {"name": "Kampong Spoe", "adm0name": "Cambodia", "adm1name": "K\u00e2mp\u00f3ng Sp\u0153", "pop_max": 33231}, "geometry": {"type": "Point", "coordinates": [104.518999, 11.451996]}}, {"type": "Feature", "properties": {"name": "Kampong Thum", "adm0name": "Cambodia", "adm1name": "K\u00e2mp\u00f3ng Thum", "pop_max": 19951}, "geometry": {"type": "Point", "coordinates": [104.888998, 12.711996]}}, {"type": "Feature", "properties": {"name": "Phnum Tbeng Meanchey", "adm0name": "Cambodia", "adm1name": "Preah Vih\u00e9ar", "pop_max": 24380}, "geometry": {"type": "Point", "coordinates": [104.966704, 13.816701]}}, {"type": "Feature", "properties": {"name": "Paro", "adm0name": "Bhutan", "adm1name": "Thimphu", "pop_max": 15000}, "geometry": {"type": "Point", "coordinates": [89.416777, 27.42937]}}, {"type": "Feature", "properties": {"name": "Punakha", "adm0name": "Bhutan", "adm1name": "Punakha", "pop_max": 5000}, "geometry": {"type": "Point", "coordinates": [89.864135, 27.584154]}}, {"type": "Feature", "properties": {"name": "Loikaw", "adm0name": "Myanmar", "adm1name": "Kayah", "pop_max": 17293}, "geometry": {"type": "Point", "coordinates": [97.206004, 19.665]}}, {"type": "Feature", "properties": {"name": "Wangdue Prodrang", "adm0name": "Bhutan", "adm1name": "Wangdi Phodrang", "pop_max": 5000}, "geometry": {"type": "Point", "coordinates": [89.916697, 27.433296]}}, {"type": "Feature", "properties": {"name": "Pa-an", "adm0name": "Myanmar", "adm1name": "Kayin", "pop_max": 50000}, "geometry": {"type": "Point", "coordinates": [97.616701, 16.849998]}}, {"type": "Feature", "properties": {"name": "Hakha", "adm0name": "Myanmar", "adm1name": "Chin", "pop_max": 20000}, "geometry": {"type": "Point", "coordinates": [93.616705, 22.650003]}}, {"type": "Feature", "properties": {"name": "Taunggyi", "adm0name": "Myanmar", "adm1name": "Shan", "pop_max": 160115}, "geometry": {"type": "Point", "coordinates": [97.038001, 20.781999]}}, {"type": "Feature", "properties": {"name": "Sagaing", "adm0name": "Myanmar", "adm1name": "Sagaing", "pop_max": 78739}, "geometry": {"type": "Point", "coordinates": [95.961997, 21.879999]}}, {"type": "Feature", "properties": {"name": "Leninobod", "adm0name": "Tajikistan", "adm1name": "Leninabad", "pop_max": 11468}, "geometry": {"type": "Point", "coordinates": [69.000004, 39.750003]}}, {"type": "Feature", "properties": {"name": "Panaji", "adm0name": "India", "adm1name": "Goa", "pop_max": 65586}, "geometry": {"type": "Point", "coordinates": [73.818001, 15.491997]}}, {"type": "Feature", "properties": {"name": "Umm al Qaywayn", "adm0name": "United Arab Emirates", "adm1name": "Umm Al Qaywayn", "pop_max": 44411}, "geometry": {"type": "Point", "coordinates": [55.553343, 25.565273]}}, {"type": "Feature", "properties": {"name": "Sharjah", "adm0name": "United Arab Emirates", "adm1name": "Sharjah", "pop_max": 1103027}, "geometry": {"type": "Point", "coordinates": [55.406478, 25.371383]}}, {"type": "Feature", "properties": {"name": "Serdar", "adm0name": "Turkmenistan", "adm1name": "Balkan", "pop_max": 48458}, "geometry": {"type": "Point", "coordinates": [56.277795, 38.97554]}}, {"type": "Feature", "properties": {"name": "Tejen", "adm0name": "Turkmenistan", "adm1name": "Ahal", "pop_max": 67294}, "geometry": {"type": "Point", "coordinates": [60.496038, 37.378609]}}, {"type": "Feature", "properties": {"name": "Buzmeyin", "adm0name": "Turkmenistan", "adm1name": "Ahal", "pop_max": 40813}, "geometry": {"type": "Point", "coordinates": [58.210028, 38.051668]}}, {"type": "Feature", "properties": {"name": "Koneurgench", "adm0name": "Turkmenistan", "adm1name": "Tashauz", "pop_max": 31400}, "geometry": {"type": "Point", "coordinates": [59.166662, 42.316654]}}, {"type": "Feature", "properties": {"name": "Khujayli", "adm0name": "Uzbekistan", "adm1name": "Karakalpakstan", "pop_max": 60401}, "geometry": {"type": "Point", "coordinates": [59.451658, 42.40471]}}, {"type": "Feature", "properties": {"name": "Urgut", "adm0name": "Uzbekistan", "adm1name": "Samarkand", "pop_max": 99675}, "geometry": {"type": "Point", "coordinates": [67.26069, 39.400707]}}, {"type": "Feature", "properties": {"name": "Kattaqorgon", "adm0name": "Uzbekistan", "adm1name": "Samarkand", "pop_max": 247113}, "geometry": {"type": "Point", "coordinates": [66.260751, 39.900703]}}, {"type": "Feature", "properties": {"name": "Denow", "adm0name": "Uzbekistan", "adm1name": "Surkhandarya", "pop_max": 217274}, "geometry": {"type": "Point", "coordinates": [67.887163, 38.277158]}}, {"type": "Feature", "properties": {"name": "Qurghonteppa", "adm0name": "Tajikistan", "adm1name": "Khatlon", "pop_max": 311574}, "geometry": {"type": "Point", "coordinates": [68.771347, 37.837314]}}, {"type": "Feature", "properties": {"name": "Konibodom", "adm0name": "Tajikistan", "adm1name": "Leninabad", "pop_max": 259876}, "geometry": {"type": "Point", "coordinates": [70.427164, 40.292152]}}, {"type": "Feature", "properties": {"name": "Guliston", "adm0name": "Uzbekistan", "adm1name": "Sirdaryo", "pop_max": 95520}, "geometry": {"type": "Point", "coordinates": [68.790726, 40.495731]}}, {"type": "Feature", "properties": {"name": "Iskandar", "adm0name": "Uzbekistan", "adm1name": "Tashkent", "pop_max": 195633}, "geometry": {"type": "Point", "coordinates": [69.680749, 41.550731]}}, {"type": "Feature", "properties": {"name": "Chirchiq", "adm0name": "Uzbekistan", "adm1name": "Tashkent", "pop_max": 167842}, "geometry": {"type": "Point", "coordinates": [69.559981, 41.454975]}}, {"type": "Feature", "properties": {"name": "Parachinar", "adm0name": "Pakistan", "adm1name": "F.A.T.A.", "pop_max": 55685}, "geometry": {"type": "Point", "coordinates": [70.100827, 33.899183]}}, {"type": "Feature", "properties": {"name": "Sialkote", "adm0name": "Pakistan", "adm1name": "Punjab", "pop_max": 477396}, "geometry": {"type": "Point", "coordinates": [74.560038, 32.520016]}}, {"type": "Feature", "properties": {"name": "Sheikhu Pura", "adm0name": "Pakistan", "adm1name": "Punjab", "pop_max": 361303}, "geometry": {"type": "Point", "coordinates": [73.989995, 31.719988]}}, {"type": "Feature", "properties": {"name": "Gujrat", "adm0name": "Pakistan", "adm1name": "Punjab", "pop_max": 301506}, "geometry": {"type": "Point", "coordinates": [74.080015, 32.579987]}}, {"type": "Feature", "properties": {"name": "Sahiwal", "adm0name": "Pakistan", "adm1name": "Punjab", "pop_max": 235695}, "geometry": {"type": "Point", "coordinates": [73.111806, 30.671731]}}, {"type": "Feature", "properties": {"name": "Chiniot", "adm0name": "Pakistan", "adm1name": "Punjab", "pop_max": 201781}, "geometry": {"type": "Point", "coordinates": [72.979979, 31.719988]}}, {"type": "Feature", "properties": {"name": "Rahim Yar Khan", "adm0name": "Pakistan", "adm1name": "Punjab", "pop_max": 353203}, "geometry": {"type": "Point", "coordinates": [70.295182, 28.420241]}}, {"type": "Feature", "properties": {"name": "Tokmak", "adm0name": "Kyrgyzstan", "adm1name": "Bishkek", "pop_max": 112860}, "geometry": {"type": "Point", "coordinates": [75.284593, 42.829878]}}, {"type": "Feature", "properties": {"name": "Kara Balta", "adm0name": "Kyrgyzstan", "adm1name": "Bishkek", "pop_max": 74133}, "geometry": {"type": "Point", "coordinates": [73.88566, 42.830627]}}, {"type": "Feature", "properties": {"name": "Cholpon Ata", "adm0name": "Kyrgyzstan", "adm1name": "Ysyk-K\u00f6l", "pop_max": 18595}, "geometry": {"type": "Point", "coordinates": [77.081073, 42.651336]}}, {"type": "Feature", "properties": {"name": "Naryn", "adm0name": "Kyrgyzstan", "adm1name": "Naryn", "pop_max": 52300}, "geometry": {"type": "Point", "coordinates": [75.991062, 41.426346]}}, {"type": "Feature", "properties": {"name": "Kok Yangak", "adm0name": "Kyrgyzstan", "adm1name": "Jalal-Abad", "pop_max": 15000}, "geometry": {"type": "Point", "coordinates": [73.205754, 41.030711]}}, {"type": "Feature", "properties": {"name": "Mansehra", "adm0name": "Pakistan", "adm1name": "N.W.F.P.", "pop_max": 66486}, "geometry": {"type": "Point", "coordinates": [73.196814, 34.341791]}}, {"type": "Feature", "properties": {"name": "Kohat", "adm0name": "Pakistan", "adm1name": "N.W.F.P.", "pop_max": 343027}, "geometry": {"type": "Point", "coordinates": [71.432683, 33.602689]}}, {"type": "Feature", "properties": {"name": "Abbottabad", "adm0name": "Pakistan", "adm1name": "N.W.F.P.", "pop_max": 1183647}, "geometry": {"type": "Point", "coordinates": [73.199501, 34.149503]}}, {"type": "Feature", "properties": {"name": "Mardan", "adm0name": "Pakistan", "adm1name": "N.W.F.P.", "pop_max": 300424}, "geometry": {"type": "Point", "coordinates": [72.039985, 34.200043]}}, {"type": "Feature", "properties": {"name": "Lalitpur", "adm0name": "Nepal", "adm1name": "Bhaktapur", "pop_max": 337785}, "geometry": {"type": "Point", "coordinates": [85.333334, 27.666618]}}, {"type": "Feature", "properties": {"name": "Hetauda", "adm0name": "Nepal", "adm1name": "Narayani", "pop_max": 232334}, "geometry": {"type": "Point", "coordinates": [85.033352, 27.416684]}}, {"type": "Feature", "properties": {"name": "Alayat Samail", "adm0name": "Oman", "adm1name": "Ad Dakhliyah", "pop_max": 47718}, "geometry": {"type": "Point", "coordinates": [57.978208, 23.303189]}}, {"type": "Feature", "properties": {"name": "Boralday", "adm0name": "Kazakhstan", "adm1name": "Almaty", "pop_max": 20996}, "geometry": {"type": "Point", "coordinates": [76.82884, 43.334137]}}, {"type": "Feature", "properties": {"name": "Zharkent", "adm0name": "Kazakhstan", "adm1name": "Almaty", "pop_max": 36496}, "geometry": {"type": "Point", "coordinates": [79.98012, 44.161554]}}, {"type": "Feature", "properties": {"name": "Esik", "adm0name": "Kazakhstan", "adm1name": "Almaty", "pop_max": 35319}, "geometry": {"type": "Point", "coordinates": [77.443789, 43.36907]}}, {"type": "Feature", "properties": {"name": "Lenger", "adm0name": "Kazakhstan", "adm1name": "South Kazakhstan", "pop_max": 23058}, "geometry": {"type": "Point", "coordinates": [69.87991, 42.189917]}}, {"type": "Feature", "properties": {"name": "Kentau", "adm0name": "Kazakhstan", "adm1name": "South Kazakhstan", "pop_max": 57408}, "geometry": {"type": "Point", "coordinates": [68.51989, 43.516503]}}, {"type": "Feature", "properties": {"name": "Yumen", "adm0name": "China", "adm1name": "Gansu", "pop_max": 350000}, "geometry": {"type": "Point", "coordinates": [97.729993, 39.830035]}}, {"type": "Feature", "properties": {"name": "Linxia", "adm0name": "China", "adm1name": "Gansu", "pop_max": 534555}, "geometry": {"type": "Point", "coordinates": [103.200047, 35.600009]}}, {"type": "Feature", "properties": {"name": "Gyangze", "adm0name": "China", "adm1name": "Xizang", "pop_max": 10000}, "geometry": {"type": "Point", "coordinates": [89.63333, 28.950002]}}, {"type": "Feature", "properties": {"name": "Deyang", "adm0name": "China", "adm1name": "Sichuan", "pop_max": 152194}, "geometry": {"type": "Point", "coordinates": [104.399974, 31.133331]}}, {"type": "Feature", "properties": {"name": "Tengchong", "adm0name": "China", "adm1name": "Yunnan", "pop_max": 126058}, "geometry": {"type": "Point", "coordinates": [98.466589, 25.033316]}}, {"type": "Feature", "properties": {"name": "Mengzi", "adm0name": "China", "adm1name": "Yunnan", "pop_max": 303341}, "geometry": {"type": "Point", "coordinates": [103.406132, 23.361945]}}, {"type": "Feature", "properties": {"name": "Chuxiong", "adm0name": "China", "adm1name": "Yunnan", "pop_max": 254370}, "geometry": {"type": "Point", "coordinates": [101.545574, 25.036416]}}, {"type": "Feature", "properties": {"name": "Simla", "adm0name": "India", "adm1name": "Himachal Pradesh", "pop_max": 173503}, "geometry": {"type": "Point", "coordinates": [77.166597, 31.100026]}}, {"type": "Feature", "properties": {"name": "Gurgaon", "adm0name": "India", "adm1name": "Haryana", "pop_max": 197340}, "geometry": {"type": "Point", "coordinates": [77.019991, 28.450006]}}, {"type": "Feature", "properties": {"name": "Sonipat", "adm0name": "India", "adm1name": "Haryana", "pop_max": 250521}, "geometry": {"type": "Point", "coordinates": [77.019991, 28.999999]}}, {"type": "Feature", "properties": {"name": "Rohtak", "adm0name": "India", "adm1name": "Haryana", "pop_max": 317245}, "geometry": {"type": "Point", "coordinates": [76.580018, 28.900005]}}, {"type": "Feature", "properties": {"name": "Hisar", "adm0name": "India", "adm1name": "Haryana", "pop_max": 544829}, "geometry": {"type": "Point", "coordinates": [75.725031, 29.169988]}}, {"type": "Feature", "properties": {"name": "Bhiwani", "adm0name": "India", "adm1name": "Haryana", "pop_max": 190855}, "geometry": {"type": "Point", "coordinates": [76.125007, 28.81001]}}, {"type": "Feature", "properties": {"name": "Ambala", "adm0name": "India", "adm1name": "Haryana", "pop_max": 146787}, "geometry": {"type": "Point", "coordinates": [76.791822, 30.377311]}}, {"type": "Feature", "properties": {"name": "Sopore", "adm0name": "India", "adm1name": "Jammu and Kashmir", "pop_max": 63035}, "geometry": {"type": "Point", "coordinates": [74.466658, 34.299959]}}, {"type": "Feature", "properties": {"name": "Silvassa", "adm0name": "India", "adm1name": "Dadra and Nagar Haveli", "pop_max": 27359}, "geometry": {"type": "Point", "coordinates": [73.016618, 20.266578]}}, {"type": "Feature", "properties": {"name": "Kalyan", "adm0name": "India", "adm1name": "Maharashtra", "pop_max": 1576614}, "geometry": {"type": "Point", "coordinates": [73.160175, 19.250232]}}, {"type": "Feature", "properties": {"name": "Bhusawal", "adm0name": "India", "adm1name": "Maharashtra", "pop_max": 183001}, "geometry": {"type": "Point", "coordinates": [75.830038, 21.019995]}}, {"type": "Feature", "properties": {"name": "Jorhat", "adm0name": "India", "adm1name": "Assam", "pop_max": 69033}, "geometry": {"type": "Point", "coordinates": [94.216667, 26.749981]}}, {"type": "Feature", "properties": {"name": "Neyshabur", "adm0name": "Iran", "adm1name": "Razavi Khorasan", "pop_max": 221700}, "geometry": {"type": "Point", "coordinates": [58.820017, 36.220023]}}, {"type": "Feature", "properties": {"name": "Bojnurd", "adm0name": "Iran", "adm1name": "North Khorasan", "pop_max": 208582}, "geometry": {"type": "Point", "coordinates": [57.320005, 37.469998]}}, {"type": "Feature", "properties": {"name": "Sirjan", "adm0name": "Iran", "adm1name": "Kerman", "pop_max": 175000}, "geometry": {"type": "Point", "coordinates": [55.730024, 29.46997]}}, {"type": "Feature", "properties": {"name": "Hoshiarpur", "adm0name": "India", "adm1name": "Punjab", "pop_max": 158142}, "geometry": {"type": "Point", "coordinates": [75.980003, 31.519974]}}, {"type": "Feature", "properties": {"name": "Ajmer", "adm0name": "India", "adm1name": "Rajasthan", "pop_max": 589985}, "geometry": {"type": "Point", "coordinates": [74.639981, 26.449999]}}, {"type": "Feature", "properties": {"name": "Hathras", "adm0name": "India", "adm1name": "Uttar Pradesh", "pop_max": 126882}, "geometry": {"type": "Point", "coordinates": [78.050006, 27.599981]}}, {"type": "Feature", "properties": {"name": "Sitapur", "adm0name": "India", "adm1name": "Uttar Pradesh", "pop_max": 164435}, "geometry": {"type": "Point", "coordinates": [80.683242, 27.551591]}}, {"type": "Feature", "properties": {"name": "Pilibhit", "adm0name": "India", "adm1name": "Uttar Pradesh", "pop_max": 131008}, "geometry": {"type": "Point", "coordinates": [79.810002, 28.639995]}}, {"type": "Feature", "properties": {"name": "Budaun", "adm0name": "India", "adm1name": "Uttar Pradesh", "pop_max": 161555}, "geometry": {"type": "Point", "coordinates": [79.089994, 28.030006]}}, {"type": "Feature", "properties": {"name": "Firozabad", "adm0name": "India", "adm1name": "Uttar Pradesh", "pop_max": 306409}, "geometry": {"type": "Point", "coordinates": [78.394946, 27.149982]}}, {"type": "Feature", "properties": {"name": "Mathura", "adm0name": "India", "adm1name": "Uttar Pradesh", "pop_max": 330511}, "geometry": {"type": "Point", "coordinates": [77.670029, 27.499987]}}, {"type": "Feature", "properties": {"name": "Bulandshahr", "adm0name": "India", "adm1name": "Uttar Pradesh", "pop_max": 198612}, "geometry": {"type": "Point", "coordinates": [77.848416, 28.41037]}}, {"type": "Feature", "properties": {"name": "Hapur", "adm0name": "India", "adm1name": "Uttar Pradesh", "pop_max": 242920}, "geometry": {"type": "Point", "coordinates": [77.762788, 28.743658]}}, {"type": "Feature", "properties": {"name": "Muzaffarnagar", "adm0name": "India", "adm1name": "Uttar Pradesh", "pop_max": 349706}, "geometry": {"type": "Point", "coordinates": [77.69504, 29.485008]}}, {"type": "Feature", "properties": {"name": "Gangtok", "adm0name": "India", "adm1name": "Sikkim", "pop_max": 77900}, "geometry": {"type": "Point", "coordinates": [88.616647, 27.33333]}}, {"type": "Feature", "properties": {"name": "Karokh", "adm0name": "Afghanistan", "adm1name": "Hirat", "pop_max": 17484}, "geometry": {"type": "Point", "coordinates": [62.591776, 34.48677]}}, {"type": "Feature", "properties": {"name": "Sheberghan", "adm0name": "Afghanistan", "adm1name": "Jawzjan", "pop_max": 93241}, "geometry": {"type": "Point", "coordinates": [65.738302, 36.657981]}}, {"type": "Feature", "properties": {"name": "Pol-e Khomri", "adm0name": "Afghanistan", "adm1name": "Baghlan", "pop_max": 56369}, "geometry": {"type": "Point", "coordinates": [68.701119, 35.951073]}}, {"type": "Feature", "properties": {"name": "Tangail", "adm0name": "Bangladesh", "adm1name": "Dhaka", "pop_max": 180144}, "geometry": {"type": "Point", "coordinates": [89.92003, 24.249979]}}, {"type": "Feature", "properties": {"name": "Sylhet", "adm0name": "Bangladesh", "adm1name": "Sylhet", "pop_max": 237000}, "geometry": {"type": "Point", "coordinates": [91.873606, 24.903556]}}, {"type": "Feature", "properties": {"name": "Diu", "adm0name": "India", "adm1name": "Dadra and Nagar Haveli", "pop_max": 23779}, "geometry": {"type": "Point", "coordinates": [70.990395, 20.719673]}}, {"type": "Feature", "properties": {"name": "Jabal Ali", "adm0name": "United Arab Emirates", "adm1name": "Dubay", "pop_max": 80000}, "geometry": {"type": "Point", "coordinates": [55.01074, 24.976239]}}, {"type": "Feature", "properties": {"name": "Hilf", "adm0name": "Oman", "adm1name": "Ash Sharqiyah", "pop_max": 8500}, "geometry": {"type": "Point", "coordinates": [58.876762, 20.656153]}}, {"type": "Feature", "properties": {"name": "Ras al Khaymah", "adm0name": "United Arab Emirates", "adm1name": "Ras Al Khaymah", "pop_max": 160849}, "geometry": {"type": "Point", "coordinates": [55.942776, 25.791538]}}, {"type": "Feature", "properties": {"name": "Al Fujayrah", "adm0name": "United Arab Emirates", "adm1name": "Fujayrah", "pop_max": 94163}, "geometry": {"type": "Point", "coordinates": [56.337481, 25.123439]}}, {"type": "Feature", "properties": {"name": "Al Ayn", "adm0name": "United Arab Emirates", "adm1name": "Abu Dhabi", "pop_max": 408733}, "geometry": {"type": "Point", "coordinates": [55.739998, 24.230471]}}, {"type": "Feature", "properties": {"name": "Kaka", "adm0name": "Turkmenistan", "adm1name": "Ahal", "pop_max": 38381}, "geometry": {"type": "Point", "coordinates": [59.600021, 37.350342]}}, {"type": "Feature", "properties": {"name": "Kogon", "adm0name": "Uzbekistan", "adm1name": "Bukhoro", "pop_max": 107566}, "geometry": {"type": "Point", "coordinates": [64.545765, 39.721075]}}, {"type": "Feature", "properties": {"name": "Khiwa", "adm0name": "Uzbekistan", "adm1name": "Khorezm", "pop_max": 149751}, "geometry": {"type": "Point", "coordinates": [60.355737, 41.391129]}}, {"type": "Feature", "properties": {"name": "Chimboy", "adm0name": "Uzbekistan", "adm1name": "Karakalpakstan", "pop_max": 36917}, "geometry": {"type": "Point", "coordinates": [59.77076, 42.931138]}}, {"type": "Feature", "properties": {"name": "Qunghirot", "adm0name": "Uzbekistan", "adm1name": "Karakalpakstan", "pop_max": 57758}, "geometry": {"type": "Point", "coordinates": [58.900012, 43.070406]}}, {"type": "Feature", "properties": {"name": "Zarafshon", "adm0name": "Uzbekistan", "adm1name": "Navoi", "pop_max": 63543}, "geometry": {"type": "Point", "coordinates": [64.201807, 41.582228]}}, {"type": "Feature", "properties": {"name": "Navoi", "adm0name": "Uzbekistan", "adm1name": "Navoi", "pop_max": 214828}, "geometry": {"type": "Point", "coordinates": [65.354967, 40.110406]}}, {"type": "Feature", "properties": {"name": "Atamyrat", "adm0name": "Turkmenistan", "adm1name": "Chardzhou", "pop_max": 33242}, "geometry": {"type": "Point", "coordinates": [65.199731, 37.824809]}}, {"type": "Feature", "properties": {"name": "Shahrisabz", "adm0name": "Uzbekistan", "adm1name": "Kashkadarya", "pop_max": 498545}, "geometry": {"type": "Point", "coordinates": [66.831466, 39.061788]}}, {"type": "Feature", "properties": {"name": "Qarshi", "adm0name": "Uzbekistan", "adm1name": "Kashkadarya", "pop_max": 386361}, "geometry": {"type": "Point", "coordinates": [65.800004, 38.87043]}}, {"type": "Feature", "properties": {"name": "Qoqon", "adm0name": "Uzbekistan", "adm1name": "Ferghana", "pop_max": 350000}, "geometry": {"type": "Point", "coordinates": [70.94, 40.540405]}}, {"type": "Feature", "properties": {"name": "Kuybyshevskiy", "adm0name": "Tajikistan", "adm1name": "Khatlon", "pop_max": 8925}, "geometry": {"type": "Point", "coordinates": [68.688975, 37.979399]}}, {"type": "Feature", "properties": {"name": "Kulob", "adm0name": "Tajikistan", "adm1name": "Khatlon", "pop_max": 115164}, "geometry": {"type": "Point", "coordinates": [69.77573, 37.92116]}}, {"type": "Feature", "properties": {"name": "Uroteppa", "adm0name": "Tajikistan", "adm1name": "Leninabad", "pop_max": 156621}, "geometry": {"type": "Point", "coordinates": [69.001462, 39.921916]}}, {"type": "Feature", "properties": {"name": "Jizzax", "adm0name": "Uzbekistan", "adm1name": "Jizzakh", "pop_max": 235352}, "geometry": {"type": "Point", "coordinates": [67.830009, 40.10038]}}, {"type": "Feature", "properties": {"name": "Angren", "adm0name": "Uzbekistan", "adm1name": "Tashkent", "pop_max": 202070}, "geometry": {"type": "Point", "coordinates": [70.154932, 41.030375]}}, {"type": "Feature", "properties": {"name": "Olmaliq", "adm0name": "Uzbekistan", "adm1name": "Tashkent", "pop_max": 121207}, "geometry": {"type": "Point", "coordinates": [69.595018, 40.850438]}}, {"type": "Feature", "properties": {"name": "Chumphon", "adm0name": "Thailand", "adm1name": "Chumphon", "pop_max": 85686}, "geometry": {"type": "Point", "coordinates": [99.187217, 10.512677]}}, {"type": "Feature", "properties": {"name": "Thung Song", "adm0name": "Thailand", "adm1name": "Nakhon Si Thammarat", "pop_max": 28223}, "geometry": {"type": "Point", "coordinates": [99.728631, 8.153958]}}, {"type": "Feature", "properties": {"name": "Trang", "adm0name": "Thailand", "adm1name": "Trang", "pop_max": 147820}, "geometry": {"type": "Point", "coordinates": [99.608018, 7.5634]}}, {"type": "Feature", "properties": {"name": "Yala", "adm0name": "Thailand", "adm1name": "Yala", "pop_max": 148140}, "geometry": {"type": "Point", "coordinates": [101.285073, 6.55049]}}, {"type": "Feature", "properties": {"name": "Chiang Rai", "adm0name": "Thailand", "adm1name": "Chiang Rai", "pop_max": 117127}, "geometry": {"type": "Point", "coordinates": [99.826454, 19.911871]}}, {"type": "Feature", "properties": {"name": "Lampang", "adm0name": "Thailand", "adm1name": "Lampang", "pop_max": 204081}, "geometry": {"type": "Point", "coordinates": [99.481256, 18.291557]}}, {"type": "Feature", "properties": {"name": "Nan", "adm0name": "Thailand", "adm1name": "Nan", "pop_max": 82483}, "geometry": {"type": "Point", "coordinates": [100.771461, 18.786849]}}, {"type": "Feature", "properties": {"name": "Phayao", "adm0name": "Thailand", "adm1name": "Phayao", "pop_max": 21058}, "geometry": {"type": "Point", "coordinates": [99.90831, 19.170702]}}, {"type": "Feature", "properties": {"name": "Phrae", "adm0name": "Thailand", "adm1name": "Phrae", "pop_max": 38538}, "geometry": {"type": "Point", "coordinates": [100.16292, 18.153296]}}, {"type": "Feature", "properties": {"name": "Phitsanulok", "adm0name": "Thailand", "adm1name": "Phitsanulok", "pop_max": 164017}, "geometry": {"type": "Point", "coordinates": [100.272887, 16.828313]}}, {"type": "Feature", "properties": {"name": "Sukhothai", "adm0name": "Thailand", "adm1name": "Sukhothai", "pop_max": 10276}, "geometry": {"type": "Point", "coordinates": [99.751523, 17.011867]}}, {"type": "Feature", "properties": {"name": "Uttaradit", "adm0name": "Thailand", "adm1name": "Uttaradit", "pop_max": 76630}, "geometry": {"type": "Point", "coordinates": [100.097187, 17.631623]}}, {"type": "Feature", "properties": {"name": "Kanchanaburi", "adm0name": "Thailand", "adm1name": "Kanchanaburi", "pop_max": 63699}, "geometry": {"type": "Point", "coordinates": [99.522028, 14.017425]}}, {"type": "Feature", "properties": {"name": "Mae Sot", "adm0name": "Thailand", "adm1name": "Tak", "pop_max": 45781}, "geometry": {"type": "Point", "coordinates": [98.570769, 16.716175]}}, {"type": "Feature", "properties": {"name": "Tak", "adm0name": "Thailand", "adm1name": "Tak", "pop_max": 33146}, "geometry": {"type": "Point", "coordinates": [99.129339, 16.884743]}}, {"type": "Feature", "properties": {"name": "Uthai Thani", "adm0name": "Thailand", "adm1name": "Uthai Thani", "pop_max": 22219}, "geometry": {"type": "Point", "coordinates": [100.026442, 15.381863]}}, {"type": "Feature", "properties": {"name": "Lop Buri", "adm0name": "Thailand", "adm1name": "Lop Buri", "pop_max": 57761}, "geometry": {"type": "Point", "coordinates": [100.618602, 14.804018]}}, {"type": "Feature", "properties": {"name": "Prachin Buri", "adm0name": "Thailand", "adm1name": "Prachin Buri", "pop_max": 79757}, "geometry": {"type": "Point", "coordinates": [101.376799, 14.057216]}}, {"type": "Feature", "properties": {"name": "Ayutthaya", "adm0name": "Thailand", "adm1name": "Phra Nakhon Si Ayutthaya", "pop_max": 145615}, "geometry": {"type": "Point", "coordinates": [100.568424, 14.358799]}}, {"type": "Feature", "properties": {"name": "Pathum Thani", "adm0name": "Thailand", "adm1name": "Pathum Thani", "pop_max": 154412}, "geometry": {"type": "Point", "coordinates": [100.533336, 14.017115]}}, {"type": "Feature", "properties": {"name": "Saraburi", "adm0name": "Thailand", "adm1name": "Saraburi", "pop_max": 70769}, "geometry": {"type": "Point", "coordinates": [100.879982, 14.530365]}}, {"type": "Feature", "properties": {"name": "Nonthaburi", "adm0name": "Thailand", "adm1name": "Nonthaburi", "pop_max": 258550}, "geometry": {"type": "Point", "coordinates": [100.483313, 13.833689]}}, {"type": "Feature", "properties": {"name": "Phetchaburi", "adm0name": "Thailand", "adm1name": "Phetchaburi", "pop_max": 90497}, "geometry": {"type": "Point", "coordinates": [99.941176, 13.113294]}}, {"type": "Feature", "properties": {"name": "Hua Hin", "adm0name": "Thailand", "adm1name": "Prachuap Khiri Khan", "pop_max": 50456}, "geometry": {"type": "Point", "coordinates": [99.944328, 12.56971]}}, {"type": "Feature", "properties": {"name": "Ratchaburi", "adm0name": "Thailand", "adm1name": "Ratchaburi", "pop_max": 106996}, "geometry": {"type": "Point", "coordinates": [99.821545, 13.541898]}}, {"type": "Feature", "properties": {"name": "Samut Prakan", "adm0name": "Thailand", "adm1name": "Samut Prakan", "pop_max": 388920}, "geometry": {"type": "Point", "coordinates": [100.611471, 13.606907]}}, {"type": "Feature", "properties": {"name": "Sisaket", "adm0name": "Thailand", "adm1name": "Si Sa Ket", "pop_max": 44751}, "geometry": {"type": "Point", "coordinates": [104.329849, 15.120252]}}, {"type": "Feature", "properties": {"name": "Si Racha", "adm0name": "Thailand", "adm1name": "Chon Buri", "pop_max": 178916}, "geometry": {"type": "Point", "coordinates": [100.928661, 13.159028]}}, {"type": "Feature", "properties": {"name": "Chon Buri", "adm0name": "Thailand", "adm1name": "Chon Buri", "pop_max": 226618}, "geometry": {"type": "Point", "coordinates": [100.999974, 13.400408]}}, {"type": "Feature", "properties": {"name": "Chanthaburi", "adm0name": "Thailand", "adm1name": "Chanthaburi", "pop_max": 99819}, "geometry": {"type": "Point", "coordinates": [102.097892, 12.613273]}}, {"type": "Feature", "properties": {"name": "Aranyaprathet", "adm0name": "Thailand", "adm1name": "Sa Kaeo", "pop_max": 22472}, "geometry": {"type": "Point", "coordinates": [102.496937, 13.682355]}}, {"type": "Feature", "properties": {"name": "Rayong", "adm0name": "Thailand", "adm1name": "Rayong", "pop_max": 37035}, "geometry": {"type": "Point", "coordinates": [101.281456, 12.671848]}}, {"type": "Feature", "properties": {"name": "Buriram", "adm0name": "Thailand", "adm1name": "Buri Ram", "pop_max": 47292}, "geometry": {"type": "Point", "coordinates": [103.116641, 15.00044]}}, {"type": "Feature", "properties": {"name": "Chaiyaphum", "adm0name": "Thailand", "adm1name": "Chaiyaphum", "pop_max": 58350}, "geometry": {"type": "Point", "coordinates": [102.038619, 15.804008]}}, {"type": "Feature", "properties": {"name": "Bua Yai", "adm0name": "Thailand", "adm1name": "Nakhon Ratchasima", "pop_max": 18269}, "geometry": {"type": "Point", "coordinates": [102.418596, 15.584022]}}, {"type": "Feature", "properties": {"name": "Surin", "adm0name": "Thailand", "adm1name": "Surin", "pop_max": 62536}, "geometry": {"type": "Point", "coordinates": [103.49145, 14.886829]}}, {"type": "Feature", "properties": {"name": "Loei", "adm0name": "Thailand", "adm1name": "Loei", "pop_max": 35273}, "geometry": {"type": "Point", "coordinates": [101.731506, 17.49189]}}, {"type": "Feature", "properties": {"name": "Nong Khai", "adm0name": "Thailand", "adm1name": "Nong Khai", "pop_max": 104505}, "geometry": {"type": "Point", "coordinates": [102.747878, 17.873262]}}, {"type": "Feature", "properties": {"name": "Sakhon Nakhon", "adm0name": "Thailand", "adm1name": "Sakon Nakhon", "pop_max": 76237}, "geometry": {"type": "Point", "coordinates": [104.147896, 17.167904]}}, {"type": "Feature", "properties": {"name": "Udon Thani", "adm0name": "Thailand", "adm1name": "Udon Thani", "pop_max": 247231}, "geometry": {"type": "Point", "coordinates": [102.789322, 17.404763]}}, {"type": "Feature", "properties": {"name": "Lao Chi", "adm0name": "Vietnam", "adm1name": "L\u00e0o Cai", "pop_max": 67206}, "geometry": {"type": "Point", "coordinates": [103.965995, 22.501351]}}, {"type": "Feature", "properties": {"name": "Nakhon Phanom", "adm0name": "Thailand", "adm1name": "Nakhon Phanom", "pop_max": 55377}, "geometry": {"type": "Point", "coordinates": [104.76946, 17.39448]}}, {"type": "Feature", "properties": {"name": "Narathiwat", "adm0name": "Thailand", "adm1name": "Narathiwat", "pop_max": 68112}, "geometry": {"type": "Point", "coordinates": [101.821423, 6.431841]}}, {"type": "Feature", "properties": {"name": "Ha Giang", "adm0name": "Vietnam", "adm1name": "H\u00e0 Giang", "pop_max": 38362}, "geometry": {"type": "Point", "coordinates": [104.983349, 22.833657]}}, {"type": "Feature", "properties": {"name": "Batticaloa", "adm0name": "Sri Lanka", "adm1name": "Batticaloa", "pop_max": 129222}, "geometry": {"type": "Point", "coordinates": [81.700015, 7.717008]}}, {"type": "Feature", "properties": {"name": "Kilinochchi", "adm0name": "Sri Lanka", "adm1name": "Kilinochchi", "pop_max": 103717}, "geometry": {"type": "Point", "coordinates": [80.39994, 9.40042]}}, {"type": "Feature", "properties": {"name": "Matara", "adm0name": "Sri Lanka", "adm1name": "Matara", "pop_max": 68244}, "geometry": {"type": "Point", "coordinates": [80.542773, 5.948977]}}, {"type": "Feature", "properties": {"name": "Badulla", "adm0name": "Sri Lanka", "adm1name": "Badulla", "pop_max": 47587}, "geometry": {"type": "Point", "coordinates": [81.049926, 6.983694]}}, {"type": "Feature", "properties": {"name": "Moratuwa", "adm0name": "Sri Lanka", "adm1name": "Colombo", "pop_max": 200000}, "geometry": {"type": "Point", "coordinates": [79.880023, 6.780399]}}, {"type": "Feature", "properties": {"name": "Gwadar", "adm0name": "Pakistan", "adm1name": "Baluchistan", "pop_max": 51901}, "geometry": {"type": "Point", "coordinates": [62.328588, 25.138968]}}, {"type": "Feature", "properties": {"name": "Zhob", "adm0name": "Pakistan", "adm1name": "Baluchistan", "pop_max": 88356}, "geometry": {"type": "Point", "coordinates": [69.438593, 31.348977]}}, {"type": "Feature", "properties": {"name": "Gilgit", "adm0name": "Pakistan", "adm1name": "Northern Areas", "pop_max": 216760}, "geometry": {"type": "Point", "coordinates": [74.300002, 35.917096]}}, {"type": "Feature", "properties": {"name": "Kasur", "adm0name": "Pakistan", "adm1name": "Punjab", "pop_max": 290643}, "geometry": {"type": "Point", "coordinates": [74.455031, 31.125373]}}, {"type": "Feature", "properties": {"name": "Kundian", "adm0name": "Pakistan", "adm1name": "Punjab", "pop_max": 35406}, "geometry": {"type": "Point", "coordinates": [71.471802, 32.452191]}}, {"type": "Feature", "properties": {"name": "Okara", "adm0name": "Pakistan", "adm1name": "Punjab", "pop_max": 223648}, "geometry": {"type": "Point", "coordinates": [73.450028, 30.810405]}}, {"type": "Feature", "properties": {"name": "Jhang", "adm0name": "Pakistan", "adm1name": "Punjab", "pop_max": 341210}, "geometry": {"type": "Point", "coordinates": [72.32498, 31.280376]}}, {"type": "Feature", "properties": {"name": "Sargodha", "adm0name": "Pakistan", "adm1name": "Punjab", "pop_max": 542603}, "geometry": {"type": "Point", "coordinates": [72.674985, 32.085366]}}, {"type": "Feature", "properties": {"name": "Dera Ghazi Khan", "adm0name": "Pakistan", "adm1name": "Punjab", "pop_max": 236093}, "geometry": {"type": "Point", "coordinates": [70.635058, 30.060399]}}, {"type": "Feature", "properties": {"name": "Sadiqabad", "adm0name": "Pakistan", "adm1name": "Punjab", "pop_max": 189876}, "geometry": {"type": "Point", "coordinates": [70.130231, 28.300636]}}, {"type": "Feature", "properties": {"name": "Nawabshah", "adm0name": "Pakistan", "adm1name": "Sind", "pop_max": 229504}, "geometry": {"type": "Point", "coordinates": [68.4, 26.245438]}}, {"type": "Feature", "properties": {"name": "Balykchy", "adm0name": "Kyrgyzstan", "adm1name": "Ysyk-K\u00f6l", "pop_max": 40527}, "geometry": {"type": "Point", "coordinates": [76.185365, 42.456025]}}, {"type": "Feature", "properties": {"name": "At Bashy", "adm0name": "Kyrgyzstan", "adm1name": "Naryn", "pop_max": 15601}, "geometry": {"type": "Point", "coordinates": [75.79681, 41.172486]}}, {"type": "Feature", "properties": {"name": "Jalal Abad", "adm0name": "Kyrgyzstan", "adm1name": "Jalal-Abad", "pop_max": 248899}, "geometry": {"type": "Point", "coordinates": [73.00251, 40.942887]}}, {"type": "Feature", "properties": {"name": "Toktogul", "adm0name": "Kyrgyzstan", "adm1name": "Jalal-Abad", "pop_max": 26115}, "geometry": {"type": "Point", "coordinates": [72.937191, 41.882571]}}, {"type": "Feature", "properties": {"name": "Tash Komur", "adm0name": "Kyrgyzstan", "adm1name": "Jalal-Abad", "pop_max": 23594}, "geometry": {"type": "Point", "coordinates": [72.231446, 41.341855]}}, {"type": "Feature", "properties": {"name": "Talas", "adm0name": "Kyrgyzstan", "adm1name": "Talas", "pop_max": 35172}, "geometry": {"type": "Point", "coordinates": [72.242918, 42.518372]}}, {"type": "Feature", "properties": {"name": "Osh", "adm0name": "Kyrgyzstan", "adm1name": "Osh", "pop_max": 391277}, "geometry": {"type": "Point", "coordinates": [72.790017, 40.540405]}}, {"type": "Feature", "properties": {"name": "Bannu", "adm0name": "Pakistan", "adm1name": "N.W.F.P.", "pop_max": 622419}, "geometry": {"type": "Point", "coordinates": [70.598574, 32.98898]}}, {"type": "Feature", "properties": {"name": "Dera Ismail Khan", "adm0name": "Pakistan", "adm1name": "N.W.F.P.", "pop_max": 101616}, "geometry": {"type": "Point", "coordinates": [70.898556, 31.828999]}}, {"type": "Feature", "properties": {"name": "Nepalganj", "adm0name": "Nepal", "adm1name": "Banke", "pop_max": 64400}, "geometry": {"type": "Point", "coordinates": [81.616661, 28.050341]}}, {"type": "Feature", "properties": {"name": "Birganj", "adm0name": "Nepal", "adm1name": "Narayani", "pop_max": 133238}, "geometry": {"type": "Point", "coordinates": [84.866592, 27.000405]}}, {"type": "Feature", "properties": {"name": "Biratnagar", "adm0name": "Nepal", "adm1name": "Bhojpur", "pop_max": 182324}, "geometry": {"type": "Point", "coordinates": [87.283344, 26.483744]}}, {"type": "Feature", "properties": {"name": "Teluk Intan", "adm0name": "Malaysia", "adm1name": "Perak", "pop_max": 101659}, "geometry": {"type": "Point", "coordinates": [101.031445, 4.01186]}}, {"type": "Feature", "properties": {"name": "Butterworth", "adm0name": "Malaysia", "adm1name": "Pulau Pinang", "pop_max": 821652}, "geometry": {"type": "Point", "coordinates": [100.400011, 5.417071]}}, {"type": "Feature", "properties": {"name": "Sungai Petani", "adm0name": "Malaysia", "adm1name": "Kedah", "pop_max": 358499}, "geometry": {"type": "Point", "coordinates": [100.479334, 5.649718]}}, {"type": "Feature", "properties": {"name": "Alor Setar", "adm0name": "Malaysia", "adm1name": "Kedah", "pop_max": 336475}, "geometry": {"type": "Point", "coordinates": [100.372933, 6.113308]}}, {"type": "Feature", "properties": {"name": "Muar", "adm0name": "Malaysia", "adm1name": "Johor", "pop_max": 191346}, "geometry": {"type": "Point", "coordinates": [102.566597, 2.033738]}}, {"type": "Feature", "properties": {"name": "Batu Pahat", "adm0name": "Malaysia", "adm1name": "Johor", "pop_max": 199619}, "geometry": {"type": "Point", "coordinates": [102.933345, 1.850364]}}, {"type": "Feature", "properties": {"name": "Keluang", "adm0name": "Malaysia", "adm1name": "Johor", "pop_max": 169828}, "geometry": {"type": "Point", "coordinates": [103.317869, 2.038311]}}, {"type": "Feature", "properties": {"name": "Seremban", "adm0name": "Malaysia", "adm1name": "Negeri Sembilan", "pop_max": 372917}, "geometry": {"type": "Point", "coordinates": [101.94002, 2.710492]}}, {"type": "Feature", "properties": {"name": "Raub", "adm0name": "Malaysia", "adm1name": "Pahang", "pop_max": 40024}, "geometry": {"type": "Point", "coordinates": [101.8423, 3.7927]}}, {"type": "Feature", "properties": {"name": "Chukai", "adm0name": "Malaysia", "adm1name": "Trengganu", "pop_max": 82425}, "geometry": {"type": "Point", "coordinates": [103.447887, 4.233242]}}, {"type": "Feature", "properties": {"name": "Kuala Terengganu", "adm0name": "Malaysia", "adm1name": "Trengganu", "pop_max": 350210}, "geometry": {"type": "Point", "coordinates": [103.12, 5.33041]}}, {"type": "Feature", "properties": {"name": "Ibri", "adm0name": "Oman", "adm1name": "Al Dhahira", "pop_max": 101640}, "geometry": {"type": "Point", "coordinates": [56.516953, 23.22539]}}, {"type": "Feature", "properties": {"name": "Xaignabouri", "adm0name": "Laos", "adm1name": "Xaignabouri", "pop_max": 16200}, "geometry": {"type": "Point", "coordinates": [101.750058, 19.250464]}}, {"type": "Feature", "properties": {"name": "Phonsavan", "adm0name": "Laos", "adm1name": "Xiangkhoang", "pop_max": 37507}, "geometry": {"type": "Point", "coordinates": [103.195997, 19.451896]}}, {"type": "Feature", "properties": {"name": "Louangphrabang", "adm0name": "Laos", "adm1name": "Louangphrabang", "pop_max": 107142}, "geometry": {"type": "Point", "coordinates": [102.14161, 19.884534]}}, {"type": "Feature", "properties": {"name": "Thakhek", "adm0name": "Laos", "adm1name": "Khammouan", "pop_max": 76928}, "geometry": {"type": "Point", "coordinates": [104.836123, 17.411197]}}, {"type": "Feature", "properties": {"name": "Binjai", "adm0name": "Indonesia", "adm1name": "Sumatera Utara", "pop_max": 564979}, "geometry": {"type": "Point", "coordinates": [98.500075, 3.620359]}}, {"type": "Feature", "properties": {"name": "Padangsidempuan", "adm0name": "Indonesia", "adm1name": "Sumatera Utara", "pop_max": 266882}, "geometry": {"type": "Point", "coordinates": [99.273361, 1.388738]}}, {"type": "Feature", "properties": {"name": "Tarutung", "adm0name": "Indonesia", "adm1name": "Sumatera Utara", "pop_max": 1305}, "geometry": {"type": "Point", "coordinates": [98.966662, 2.017072]}}, {"type": "Feature", "properties": {"name": "Tebingtinggi", "adm0name": "Indonesia", "adm1name": "Sumatera Utara", "pop_max": 268043}, "geometry": {"type": "Point", "coordinates": [99.130011, 3.330377]}}, {"type": "Feature", "properties": {"name": "Langsa", "adm0name": "Indonesia", "adm1name": "Aceh", "pop_max": 117256}, "geometry": {"type": "Point", "coordinates": [97.966361, 4.673577]}}, {"type": "Feature", "properties": {"name": "Longxi", "adm0name": "China", "adm1name": "Gansu", "pop_max": 355037}, "geometry": {"type": "Point", "coordinates": [104.671479, 35.002721]}}, {"type": "Feature", "properties": {"name": "Anxi", "adm0name": "China", "adm1name": "Gansu", "pop_max": 17886}, "geometry": {"type": "Point", "coordinates": [95.799982, 40.500434]}}, {"type": "Feature", "properties": {"name": "Minxian", "adm0name": "China", "adm1name": "Gansu", "pop_max": 67826}, "geometry": {"type": "Point", "coordinates": [104.03059, 34.436178]}}, {"type": "Feature", "properties": {"name": "Jinchang", "adm0name": "China", "adm1name": "Gansu", "pop_max": 144363}, "geometry": {"type": "Point", "coordinates": [102.173908, 38.495698]}}, {"type": "Feature", "properties": {"name": "Guide", "adm0name": "China", "adm1name": "Gansu", "pop_max": 7642}, "geometry": {"type": "Point", "coordinates": [101.424186, 36.045098]}}, {"type": "Feature", "properties": {"name": "Gar", "adm0name": "China", "adm1name": "Xizang", "pop_max": 10000}, "geometry": {"type": "Point", "coordinates": [79.983324, 32.200398]}}, {"type": "Feature", "properties": {"name": "Turpan", "adm0name": "China", "adm1name": "Xinjiang Uygur", "pop_max": 651853}, "geometry": {"type": "Point", "coordinates": [89.165038, 42.935375]}}, {"type": "Feature", "properties": {"name": "Quiemo", "adm0name": "China", "adm1name": "Xinjiang Uygur", "pop_max": 65572}, "geometry": {"type": "Point", "coordinates": [85.533321, 38.133756]}}, {"type": "Feature", "properties": {"name": "Tanjungpinang", "adm0name": "Indonesia", "adm1name": "Kepulauan Riau", "pop_max": 226666}, "geometry": {"type": "Point", "coordinates": [104.471442, 0.916829]}}, {"type": "Feature", "properties": {"name": "Zigong", "adm0name": "China", "adm1name": "Sichuan", "pop_max": 1105000}, "geometry": {"type": "Point", "coordinates": [104.778056, 29.401946]}}, {"type": "Feature", "properties": {"name": "Yaan", "adm0name": "China", "adm1name": "Sichuan", "pop_max": 340000}, "geometry": {"type": "Point", "coordinates": [103.080002, 29.98043]}}, {"type": "Feature", "properties": {"name": "Rongzhag", "adm0name": "China", "adm1name": "Sichuan", "pop_max": 70000}, "geometry": {"type": "Point", "coordinates": [101.916663, 30.950448]}}, {"type": "Feature", "properties": {"name": "Simao", "adm0name": "China", "adm1name": "Yunnan", "pop_max": 162725}, "geometry": {"type": "Point", "coordinates": [100.978167, 22.780688]}}, {"type": "Feature", "properties": {"name": "Wenshan", "adm0name": "China", "adm1name": "Yunnan", "pop_max": 152388}, "geometry": {"type": "Point", "coordinates": [104.249698, 23.372358]}}, {"type": "Feature", "properties": {"name": "Zhanyi", "adm0name": "China", "adm1name": "Yunnan", "pop_max": 652604}, "geometry": {"type": "Point", "coordinates": [103.81665, 25.600465]}}, {"type": "Feature", "properties": {"name": "Huize", "adm0name": "China", "adm1name": "Yunnan", "pop_max": 5170}, "geometry": {"type": "Point", "coordinates": [103.416674, 26.350419]}}, {"type": "Feature", "properties": {"name": "Pathankot", "adm0name": "India", "adm1name": "Himachal Pradesh", "pop_max": 253987}, "geometry": {"type": "Point", "coordinates": [75.720019, 32.270342]}}, {"type": "Feature", "properties": {"name": "Sirsa", "adm0name": "India", "adm1name": "Haryana", "pop_max": 181639}, "geometry": {"type": "Point", "coordinates": [75.029983, 29.490382]}}, {"type": "Feature", "properties": {"name": "Panipat", "adm0name": "India", "adm1name": "Haryana", "pop_max": 292808}, "geometry": {"type": "Point", "coordinates": [76.969968, 29.400413]}}, {"type": "Feature", "properties": {"name": "Karnal", "adm0name": "India", "adm1name": "Haryana", "pop_max": 225049}, "geometry": {"type": "Point", "coordinates": [76.969968, 29.680448]}}, {"type": "Feature", "properties": {"name": "Baramula", "adm0name": "India", "adm1name": "Jammu and Kashmir", "pop_max": 167986}, "geometry": {"type": "Point", "coordinates": [74.350025, 34.200431]}}, {"type": "Feature", "properties": {"name": "Proddatur", "adm0name": "India", "adm1name": "Andhra Pradesh", "pop_max": 197451}, "geometry": {"type": "Point", "coordinates": [78.570026, 14.750429]}}, {"type": "Feature", "properties": {"name": "Nandyal", "adm0name": "India", "adm1name": "Andhra Pradesh", "pop_max": 188654}, "geometry": {"type": "Point", "coordinates": [78.486638, 15.464097]}}, {"type": "Feature", "properties": {"name": "Hindupur", "adm0name": "India", "adm1name": "Andhra Pradesh", "pop_max": 168312}, "geometry": {"type": "Point", "coordinates": [77.489988, 13.780359]}}, {"type": "Feature", "properties": {"name": "Tirupati", "adm0name": "India", "adm1name": "Andhra Pradesh", "pop_max": 287035}, "geometry": {"type": "Point", "coordinates": [79.42, 13.650419]}}, {"type": "Feature", "properties": {"name": "Ongole", "adm0name": "India", "adm1name": "Andhra Pradesh", "pop_max": 202860}, "geometry": {"type": "Point", "coordinates": [80.057707, 15.505577]}}, {"type": "Feature", "properties": {"name": "Vizianagaram", "adm0name": "India", "adm1name": "Andhra Pradesh", "pop_max": 179358}, "geometry": {"type": "Point", "coordinates": [83.401372, 18.110992]}}, {"type": "Feature", "properties": {"name": "Rajahmundry", "adm0name": "India", "adm1name": "Andhra Pradesh", "pop_max": 304804}, "geometry": {"type": "Point", "coordinates": [81.789984, 17.030342]}}, {"type": "Feature", "properties": {"name": "Machilipatnam", "adm0name": "India", "adm1name": "Andhra Pradesh", "pop_max": 192827}, "geometry": {"type": "Point", "coordinates": [81.179996, 16.200418]}}, {"type": "Feature", "properties": {"name": "Khammam", "adm0name": "India", "adm1name": "Telangana", "pop_max": 290839}, "geometry": {"type": "Point", "coordinates": [80.160058, 17.28043]}}, {"type": "Feature", "properties": {"name": "Chirala", "adm0name": "India", "adm1name": "Andhra Pradesh", "pop_max": 253000}, "geometry": {"type": "Point", "coordinates": [80.339995, 15.860413]}}, {"type": "Feature", "properties": {"name": "Karimnagar", "adm0name": "India", "adm1name": "Telangana", "pop_max": 288251}, "geometry": {"type": "Point", "coordinates": [79.109993, 18.460435]}}, {"type": "Feature", "properties": {"name": "Nizamabad", "adm0name": "India", "adm1name": "Telangana", "pop_max": 388505}, "geometry": {"type": "Point", "coordinates": [78.100028, 18.670396]}}, {"type": "Feature", "properties": {"name": "Kollam", "adm0name": "India", "adm1name": "Kerala", "pop_max": 394163}, "geometry": {"type": "Point", "coordinates": [76.569993, 8.900373]}}, {"type": "Feature", "properties": {"name": "Alappuzha", "adm0name": "India", "adm1name": "Kerala", "pop_max": 176783}, "geometry": {"type": "Point", "coordinates": [76.370005, 9.500414]}}, {"type": "Feature", "properties": {"name": "Puri", "adm0name": "India", "adm1name": "Orissa", "pop_max": 201026}, "geometry": {"type": "Point", "coordinates": [85.900018, 19.82043]}}, {"type": "Feature", "properties": {"name": "Sambalpur", "adm0name": "India", "adm1name": "Orissa", "pop_max": 310852}, "geometry": {"type": "Point", "coordinates": [83.970058, 21.470406]}}, {"type": "Feature", "properties": {"name": "Raurkela", "adm0name": "India", "adm1name": "Orissa", "pop_max": 625831}, "geometry": {"type": "Point", "coordinates": [84.829954, 22.230412]}}, {"type": "Feature", "properties": {"name": "Kavaratti", "adm0name": "India", "adm1name": "Lakshadweep", "pop_max": 10688}, "geometry": {"type": "Point", "coordinates": [72.636867, 10.562573]}}, {"type": "Feature", "properties": {"name": "Mandya", "adm0name": "India", "adm1name": "Karnataka", "pop_max": 285034}, "geometry": {"type": "Point", "coordinates": [76.919997, 12.570381]}}, {"type": "Feature", "properties": {"name": "Kolar", "adm0name": "India", "adm1name": "Karnataka", "pop_max": 144625}, "geometry": {"type": "Point", "coordinates": [78.13336, 13.133706]}}, {"type": "Feature", "properties": {"name": "Shivamogga", "adm0name": "India", "adm1name": "Karnataka", "pop_max": 654055}, "geometry": {"type": "Point", "coordinates": [75.560028, 13.930376]}}, {"type": "Feature", "properties": {"name": "Raichur", "adm0name": "India", "adm1name": "Karnataka", "pop_max": 255240}, "geometry": {"type": "Point", "coordinates": [77.355009, 16.210366]}}, {"type": "Feature", "properties": {"name": "Hosapete", "adm0name": "India", "adm1name": "Karnataka", "pop_max": 286007}, "geometry": {"type": "Point", "coordinates": [76.375017, 15.280397]}}, {"type": "Feature", "properties": {"name": "Bidar", "adm0name": "India", "adm1name": "Karnataka", "pop_max": 300136}, "geometry": {"type": "Point", "coordinates": [77.517532, 17.922923]}}, {"type": "Feature", "properties": {"name": "Sangli", "adm0name": "India", "adm1name": "Maharashtra", "pop_max": 601214}, "geometry": {"type": "Point", "coordinates": [74.575024, 16.860404]}}, {"type": "Feature", "properties": {"name": "Parbhani", "adm0name": "India", "adm1name": "Maharashtra", "pop_max": 378326}, "geometry": {"type": "Point", "coordinates": [76.760007, 19.270386]}}, {"type": "Feature", "properties": {"name": "Malegaon", "adm0name": "India", "adm1name": "Maharashtra", "pop_max": 690844}, "geometry": {"type": "Point", "coordinates": [74.525001, 20.560359]}}, {"type": "Feature", "properties": {"name": "Port Blair", "adm0name": "India", "adm1name": "Andaman and Nicobar", "pop_max": 127562}, "geometry": {"type": "Point", "coordinates": [92.735983, 11.667026]}}, {"type": "Feature", "properties": {"name": "Tezpur", "adm0name": "India", "adm1name": "Assam", "pop_max": 58851}, "geometry": {"type": "Point", "coordinates": [92.80001, 26.633761]}}, {"type": "Feature", "properties": {"name": "Silchar", "adm0name": "India", "adm1name": "Assam", "pop_max": 152393}, "geometry": {"type": "Point", "coordinates": [92.790036, 24.790411]}}, {"type": "Feature", "properties": {"name": "Kohima", "adm0name": "India", "adm1name": "Nagaland", "pop_max": 92113}, "geometry": {"type": "Point", "coordinates": [94.11657, 25.666998]}}, {"type": "Feature", "properties": {"name": "Shillong", "adm0name": "India", "adm1name": "Meghalaya", "pop_max": 375527}, "geometry": {"type": "Point", "coordinates": [91.880014, 25.570492]}}, {"type": "Feature", "properties": {"name": "Shieli", "adm0name": "Kazakhstan", "adm1name": "Qyzylorda", "pop_max": 29832}, "geometry": {"type": "Point", "coordinates": [66.750024, 44.167006]}}, {"type": "Feature", "properties": {"name": "Shonzhy", "adm0name": "Kazakhstan", "adm1name": "Almaty", "pop_max": 3902}, "geometry": {"type": "Point", "coordinates": [79.470281, 43.542082]}}, {"type": "Feature", "properties": {"name": "Qapshaghay", "adm0name": "Kazakhstan", "adm1name": "Almaty", "pop_max": 42167}, "geometry": {"type": "Point", "coordinates": [77.068722, 43.884387]}}, {"type": "Feature", "properties": {"name": "Otar", "adm0name": "Kazakhstan", "adm1name": "Almaty", "pop_max": 11238}, "geometry": {"type": "Point", "coordinates": [75.2139, 43.53459]}}, {"type": "Feature", "properties": {"name": "Gonbad-e Kavus", "adm0name": "Iran", "adm1name": "Golestan", "pop_max": 159982}, "geometry": {"type": "Point", "coordinates": [55.171454, 37.251821]}}, {"type": "Feature", "properties": {"name": "Yazdan", "adm0name": "Iran", "adm1name": "South Khorasan", "pop_max": 2000}, "geometry": {"type": "Point", "coordinates": [60.893792, 33.506493]}}, {"type": "Feature", "properties": {"name": "Torbat-e Jam", "adm0name": "Iran", "adm1name": "Razavi Khorasan", "pop_max": 104578}, "geometry": {"type": "Point", "coordinates": [60.612879, 35.22334]}}, {"type": "Feature", "properties": {"name": "Quchan", "adm0name": "Iran", "adm1name": "Razavi Khorasan", "pop_max": 145531}, "geometry": {"type": "Point", "coordinates": [58.501483, 37.111829]}}, {"type": "Feature", "properties": {"name": "Chabahar", "adm0name": "Iran", "adm1name": "Sistan and Baluchestan", "pop_max": 65801}, "geometry": {"type": "Point", "coordinates": [60.629932, 25.300405]}}, {"type": "Feature", "properties": {"name": "Abohar", "adm0name": "India", "adm1name": "Punjab", "pop_max": 130603}, "geometry": {"type": "Point", "coordinates": [74.182342, 30.126338]}}, {"type": "Feature", "properties": {"name": "Patiala", "adm0name": "India", "adm1name": "Punjab", "pop_max": 329224}, "geometry": {"type": "Point", "coordinates": [76.384991, 30.320409]}}, {"type": "Feature", "properties": {"name": "Bhilwara", "adm0name": "India", "adm1name": "Rajasthan", "pop_max": 389911}, "geometry": {"type": "Point", "coordinates": [74.63502, 25.350428]}}, {"type": "Feature", "properties": {"name": "Pali", "adm0name": "India", "adm1name": "Rajasthan", "pop_max": 210103}, "geometry": {"type": "Point", "coordinates": [73.329932, 25.790375]}}, {"type": "Feature", "properties": {"name": "Tonk", "adm0name": "India", "adm1name": "Rajasthan", "pop_max": 181734}, "geometry": {"type": "Point", "coordinates": [75.79004, 26.150457]}}, {"type": "Feature", "properties": {"name": "Sikar", "adm0name": "India", "adm1name": "Rajasthan", "pop_max": 400000}, "geometry": {"type": "Point", "coordinates": [75.140002, 27.610394]}}, {"type": "Feature", "properties": {"name": "Bikaner", "adm0name": "India", "adm1name": "Rajasthan", "pop_max": 576015}, "geometry": {"type": "Point", "coordinates": [73.332243, 28.015083]}}, {"type": "Feature", "properties": {"name": "Bharatpur", "adm0name": "India", "adm1name": "Rajasthan", "pop_max": 229384}, "geometry": {"type": "Point", "coordinates": [77.507411, 27.209374]}}, {"type": "Feature", "properties": {"name": "Alwar", "adm0name": "India", "adm1name": "Rajasthan", "pop_max": 283228}, "geometry": {"type": "Point", "coordinates": [76.604926, 27.545359]}}, {"type": "Feature", "properties": {"name": "Arys", "adm0name": "Kazakhstan", "adm1name": "South Kazakhstan", "pop_max": 42648}, "geometry": {"type": "Point", "coordinates": [68.804834, 42.436879]}}, {"type": "Feature", "properties": {"name": "Burylbaytal", "adm0name": "Kazakhstan", "adm1name": "Zhambyl", "pop_max": 100}, "geometry": {"type": "Point", "coordinates": [74.030251, 44.938741]}}, {"type": "Feature", "properties": {"name": "Shu", "adm0name": "Kazakhstan", "adm1name": "Zhambyl", "pop_max": 42439}, "geometry": {"type": "Point", "coordinates": [73.744842, 43.595258]}}, {"type": "Feature", "properties": {"name": "Qulan", "adm0name": "Kazakhstan", "adm1name": "Zhambyl", "pop_max": 13128}, "geometry": {"type": "Point", "coordinates": [72.704957, 42.920363]}}, {"type": "Feature", "properties": {"name": "Oytal", "adm0name": "Kazakhstan", "adm1name": "Zhambyl", "pop_max": 22673}, "geometry": {"type": "Point", "coordinates": [73.254898, 42.915299]}}, {"type": "Feature", "properties": {"name": "Qaratau", "adm0name": "Kazakhstan", "adm1name": "Zhambyl", "pop_max": 37881}, "geometry": {"type": "Point", "coordinates": [70.459978, 43.185386]}}, {"type": "Feature", "properties": {"name": "Fatehpur", "adm0name": "India", "adm1name": "Uttar Pradesh", "pop_max": 166480}, "geometry": {"type": "Point", "coordinates": [80.800019, 25.88037]}}, {"type": "Feature", "properties": {"name": "Faizabad", "adm0name": "India", "adm1name": "Uttar Pradesh", "pop_max": 153047}, "geometry": {"type": "Point", "coordinates": [82.170013, 26.750394]}}, {"type": "Feature", "properties": {"name": "Bahraich", "adm0name": "India", "adm1name": "Uttar Pradesh", "pop_max": 182218}, "geometry": {"type": "Point", "coordinates": [81.606114, 27.567427]}}, {"type": "Feature", "properties": {"name": "Mirzapur", "adm0name": "India", "adm1name": "Uttar Pradesh", "pop_max": 245817}, "geometry": {"type": "Point", "coordinates": [82.569988, 25.145376]}}, {"type": "Feature", "properties": {"name": "Jhansi", "adm0name": "India", "adm1name": "Uttar Pradesh", "pop_max": 826494}, "geometry": {"type": "Point", "coordinates": [78.557468, 25.452954]}}, {"type": "Feature", "properties": {"name": "Shahjahanpur", "adm0name": "India", "adm1name": "Uttar Pradesh", "pop_max": 320434}, "geometry": {"type": "Point", "coordinates": [79.905034, 27.880377]}}, {"type": "Feature", "properties": {"name": "Rampur", "adm0name": "India", "adm1name": "Uttar Pradesh", "pop_max": 296418}, "geometry": {"type": "Point", "coordinates": [79.024985, 28.815359]}}, {"type": "Feature", "properties": {"name": "Bareilly", "adm0name": "India", "adm1name": "Uttar Pradesh", "pop_max": 817000}, "geometry": {"type": "Point", "coordinates": [79.418054, 28.347333]}}, {"type": "Feature", "properties": {"name": "Etawah", "adm0name": "India", "adm1name": "Uttar Pradesh", "pop_max": 257448}, "geometry": {"type": "Point", "coordinates": [79.01496, 26.785457]}}, {"type": "Feature", "properties": {"name": "Dehra Dun", "adm0name": "India", "adm1name": "Uttaranchal", "pop_max": 714223}, "geometry": {"type": "Point", "coordinates": [78.050006, 30.320409]}}, {"type": "Feature", "properties": {"name": "Haora", "adm0name": "India", "adm1name": "West Bengal", "pop_max": 4841638}, "geometry": {"type": "Point", "coordinates": [88.318516, 22.584698]}}, {"type": "Feature", "properties": {"name": "Alipur Duar", "adm0name": "India", "adm1name": "West Bengal", "pop_max": 127342}, "geometry": {"type": "Point", "coordinates": [89.566667, 26.483744]}}, {"type": "Feature", "properties": {"name": "Haldia", "adm0name": "India", "adm1name": "West Bengal", "pop_max": 200762}, "geometry": {"type": "Point", "coordinates": [88.058335, 22.02567]}}, {"type": "Feature", "properties": {"name": "Bhatpara", "adm0name": "India", "adm1name": "West Bengal", "pop_max": 483129}, "geometry": {"type": "Point", "coordinates": [88.413626, 22.852821]}}, {"type": "Feature", "properties": {"name": "Medinipur", "adm0name": "India", "adm1name": "West Bengal", "pop_max": 169127}, "geometry": {"type": "Point", "coordinates": [87.333872, 22.399723]}}, {"type": "Feature", "properties": {"name": "Siliguri", "adm0name": "India", "adm1name": "West Bengal", "pop_max": 515574}, "geometry": {"type": "Point", "coordinates": [88.455004, 26.720422]}}, {"type": "Feature", "properties": {"name": "Purnia", "adm0name": "India", "adm1name": "Bihar", "pop_max": 198453}, "geometry": {"type": "Point", "coordinates": [87.479973, 25.785414]}}, {"type": "Feature", "properties": {"name": "Muzaffarpur", "adm0name": "India", "adm1name": "Bihar", "pop_max": 333200}, "geometry": {"type": "Point", "coordinates": [85.379946, 26.120433]}}, {"type": "Feature", "properties": {"name": "Aurangabad", "adm0name": "India", "adm1name": "Bihar", "pop_max": 95929}, "geometry": {"type": "Point", "coordinates": [84.380007, 24.770412]}}, {"type": "Feature", "properties": {"name": "Bilaspur", "adm0name": "India", "adm1name": "Chhattisgarh", "pop_max": 543454}, "geometry": {"type": "Point", "coordinates": [82.159987, 22.09042]}}, {"type": "Feature", "properties": {"name": "Burhanpur", "adm0name": "India", "adm1name": "Madhya Pradesh", "pop_max": 197233}, "geometry": {"type": "Point", "coordinates": [76.172406, 21.28452]}}, {"type": "Feature", "properties": {"name": "Ujjain", "adm0name": "India", "adm1name": "Madhya Pradesh", "pop_max": 513350}, "geometry": {"type": "Point", "coordinates": [75.79004, 23.190405]}}, {"type": "Feature", "properties": {"name": "Ratlam", "adm0name": "India", "adm1name": "Madhya Pradesh", "pop_max": 307229}, "geometry": {"type": "Point", "coordinates": [75.029983, 23.350395]}}, {"type": "Feature", "properties": {"name": "Sagar", "adm0name": "India", "adm1name": "Madhya Pradesh", "pop_max": 328240}, "geometry": {"type": "Point", "coordinates": [78.750015, 23.85039]}}, {"type": "Feature", "properties": {"name": "Vellore", "adm0name": "India", "adm1name": "Tamil Nadu", "pop_max": 177081}, "geometry": {"type": "Point", "coordinates": [79.150042, 12.920386]}}, {"type": "Feature", "properties": {"name": "Tiruvannamalai", "adm0name": "India", "adm1name": "Tamil Nadu", "pop_max": 138243}, "geometry": {"type": "Point", "coordinates": [79.099967, 12.260374]}}, {"type": "Feature", "properties": {"name": "Rajapalaiyam", "adm0name": "India", "adm1name": "Tamil Nadu", "pop_max": 369991}, "geometry": {"type": "Point", "coordinates": [77.580009, 9.420393]}}, {"type": "Feature", "properties": {"name": "Cuddalore", "adm0name": "India", "adm1name": "Tamil Nadu", "pop_max": 158569}, "geometry": {"type": "Point", "coordinates": [79.770004, 11.720407]}}, {"type": "Feature", "properties": {"name": "Karur", "adm0name": "India", "adm1name": "Tamil Nadu", "pop_max": 76915}, "geometry": {"type": "Point", "coordinates": [78.083337, 10.950377]}}, {"type": "Feature", "properties": {"name": "Kanchipuram", "adm0name": "India", "adm1name": "Tamil Nadu", "pop_max": 155029}, "geometry": {"type": "Point", "coordinates": [79.716674, 12.833724]}}, {"type": "Feature", "properties": {"name": "Tirunelveli", "adm0name": "India", "adm1name": "Tamil Nadu", "pop_max": 542200}, "geometry": {"type": "Point", "coordinates": [77.689976, 8.730409]}}, {"type": "Feature", "properties": {"name": "Nagercoil", "adm0name": "India", "adm1name": "Tamil Nadu", "pop_max": 224329}, "geometry": {"type": "Point", "coordinates": [77.429992, 8.180365]}}, {"type": "Feature", "properties": {"name": "Thanjavur", "adm0name": "India", "adm1name": "Tamil Nadu", "pop_max": 219571}, "geometry": {"type": "Point", "coordinates": [79.150042, 10.770414]}}, {"type": "Feature", "properties": {"name": "Kumbakonam", "adm0name": "India", "adm1name": "Tamil Nadu", "pop_max": 139264}, "geometry": {"type": "Point", "coordinates": [79.387528, 10.951296]}}, {"type": "Feature", "properties": {"name": "Valparai", "adm0name": "India", "adm1name": "Tamil Nadu", "pop_max": 114308}, "geometry": {"type": "Point", "coordinates": [76.969968, 10.320415]}}, {"type": "Feature", "properties": {"name": "Tiruppur", "adm0name": "India", "adm1name": "Tamil Nadu", "pop_max": 650000}, "geometry": {"type": "Point", "coordinates": [77.329998, 11.080421]}}, {"type": "Feature", "properties": {"name": "Daman", "adm0name": "India", "adm1name": "Dadra and Nagar Haveli", "pop_max": 39737}, "geometry": {"type": "Point", "coordinates": [72.850013, 20.417008]}}, {"type": "Feature", "properties": {"name": "Navsari", "adm0name": "India", "adm1name": "Dadra and Nagar Haveli", "pop_max": 163000}, "geometry": {"type": "Point", "coordinates": [72.920034, 20.850393]}}, {"type": "Feature", "properties": {"name": "Bhuj", "adm0name": "India", "adm1name": "Dadra and Nagar Haveli", "pop_max": 289429}, "geometry": {"type": "Point", "coordinates": [69.673591, 23.233827]}}, {"type": "Feature", "properties": {"name": "Bhavnagar", "adm0name": "India", "adm1name": "Dadra and Nagar Haveli", "pop_max": 554978}, "geometry": {"type": "Point", "coordinates": [72.129954, 21.778424]}}, {"type": "Feature", "properties": {"name": "Gandhinagar", "adm0name": "India", "adm1name": "Dadra and Nagar Haveli", "pop_max": 195891}, "geometry": {"type": "Point", "coordinates": [72.643556, 23.218994]}}, {"type": "Feature", "properties": {"name": "Itanagar", "adm0name": "India", "adm1name": "Arunachal Pradesh", "pop_max": 44971}, "geometry": {"type": "Point", "coordinates": [93.616601, 27.100399]}}, {"type": "Feature", "properties": {"name": "Aizawl", "adm0name": "India", "adm1name": "Mizoram", "pop_max": 283021}, "geometry": {"type": "Point", "coordinates": [92.720015, 23.710399]}}, {"type": "Feature", "properties": {"name": "Agartala", "adm0name": "India", "adm1name": "Tripura", "pop_max": 203264}, "geometry": {"type": "Point", "coordinates": [91.279999, 23.835404]}}, {"type": "Feature", "properties": {"name": "Balkh", "adm0name": "Afghanistan", "adm1name": "Balkh", "pop_max": 179969}, "geometry": {"type": "Point", "coordinates": [66.89973, 36.75012]}}, {"type": "Feature", "properties": {"name": "Meymaneh", "adm0name": "Afghanistan", "adm1name": "Faryab", "pop_max": 199795}, "geometry": {"type": "Point", "coordinates": [64.770093, 35.930222]}}, {"type": "Feature", "properties": {"name": "Andkhvoy", "adm0name": "Afghanistan", "adm1name": "Faryab", "pop_max": 71730}, "geometry": {"type": "Point", "coordinates": [65.101494, 36.931659]}}, {"type": "Feature", "properties": {"name": "Qalat", "adm0name": "Afghanistan", "adm1name": "Zabul", "pop_max": 12191}, "geometry": {"type": "Point", "coordinates": [66.886759, 32.112263]}}, {"type": "Feature", "properties": {"name": "Ghazni", "adm0name": "Afghanistan", "adm1name": "Ghazni", "pop_max": 141000}, "geometry": {"type": "Point", "coordinates": [68.417829, 33.563312]}}, {"type": "Feature", "properties": {"name": "Feyzabad", "adm0name": "Afghanistan", "adm1name": "Badakhshan", "pop_max": 64704}, "geometry": {"type": "Point", "coordinates": [70.579247, 37.129761]}}, {"type": "Feature", "properties": {"name": "Kondoz", "adm0name": "Afghanistan", "adm1name": "Kunduz", "pop_max": 259809}, "geometry": {"type": "Point", "coordinates": [68.87253, 36.727951]}}, {"type": "Feature", "properties": {"name": "Jalalabad", "adm0name": "Afghanistan", "adm1name": "Nangarhar", "pop_max": 597971}, "geometry": {"type": "Point", "coordinates": [70.436104, 34.441527]}}, {"type": "Feature", "properties": {"name": "Charikar", "adm0name": "Afghanistan", "adm1name": "Parwan", "pop_max": 53676}, "geometry": {"type": "Point", "coordinates": [69.167912, 35.018262]}}, {"type": "Feature", "properties": {"name": "Sisophon", "adm0name": "Cambodia", "adm1name": "B\u00e2nt\u00e9ay M\u00e9anchey", "pop_max": 50302}, "geometry": {"type": "Point", "coordinates": [102.983316, 13.583756]}}, {"type": "Feature", "properties": {"name": "Krong Koh Kong", "adm0name": "Cambodia", "adm1name": "Ka\u00f4h Kong", "pop_max": 33134}, "geometry": {"type": "Point", "coordinates": [102.984933, 11.617539]}}, {"type": "Feature", "properties": {"name": "Pursat", "adm0name": "Cambodia", "adm1name": "Pouthisat", "pop_max": 52476}, "geometry": {"type": "Point", "coordinates": [103.916696, 12.533691]}}, {"type": "Feature", "properties": {"name": "Kompong Chhnang", "adm0name": "Cambodia", "adm1name": "K\u00e2mp\u00f3ng Chhnang", "pop_max": 75244}, "geometry": {"type": "Point", "coordinates": [104.666624, 12.250478]}}, {"type": "Feature", "properties": {"name": "Kampot", "adm0name": "Cambodia", "adm1name": "K\u00e2mp\u00f4t", "pop_max": 50105}, "geometry": {"type": "Point", "coordinates": [104.183346, 10.61709]}}, {"type": "Feature", "properties": {"name": "Tak\u00e9o", "adm0name": "Cambodia", "adm1name": "Tak", "pop_max": 15264}, "geometry": {"type": "Point", "coordinates": [104.783309, 10.98376]}}, {"type": "Feature", "properties": {"name": "Mymensingh", "adm0name": "Bangladesh", "adm1name": "Dhaka", "pop_max": 330126}, "geometry": {"type": "Point", "coordinates": [90.380002, 24.750413]}}, {"type": "Feature", "properties": {"name": "Jamalpur", "adm0name": "Bangladesh", "adm1name": "Dhaka", "pop_max": 167900}, "geometry": {"type": "Point", "coordinates": [89.950003, 24.90043]}}, {"type": "Feature", "properties": {"name": "Narayanganj", "adm0name": "Bangladesh", "adm1name": "Dhaka", "pop_max": 223622}, "geometry": {"type": "Point", "coordinates": [90.499995, 23.620404]}}, {"type": "Feature", "properties": {"name": "Jashore", "adm0name": "Bangladesh", "adm1name": "Khulna", "pop_max": 243987}, "geometry": {"type": "Point", "coordinates": [89.199971, 23.170432]}}, {"type": "Feature", "properties": {"name": "Barishal", "adm0name": "Bangladesh", "adm1name": "Barisal", "pop_max": 202242}, "geometry": {"type": "Point", "coordinates": [90.37499, 22.700409]}}, {"type": "Feature", "properties": {"name": "Comilla", "adm0name": "Bangladesh", "adm1name": "Chittagong", "pop_max": 389411}, "geometry": {"type": "Point", "coordinates": [91.16998, 23.470414]}}, {"type": "Feature", "properties": {"name": "Pabna", "adm0name": "Bangladesh", "adm1name": "Rajshahi", "pop_max": 137888}, "geometry": {"type": "Point", "coordinates": [89.249994, 24.000381]}}, {"type": "Feature", "properties": {"name": "Nawabganj", "adm0name": "Bangladesh", "adm1name": "Rajshahi", "pop_max": 142361}, "geometry": {"type": "Point", "coordinates": [88.349997, 24.580398]}}, {"type": "Feature", "properties": {"name": "Saidpur", "adm0name": "Bangladesh", "adm1name": "Rajshahi", "pop_max": 232209}, "geometry": {"type": "Point", "coordinates": [88.999983, 25.800427]}}, {"type": "Feature", "properties": {"name": "Myingyan", "adm0name": "Myanmar", "adm1name": "Mandalay", "pop_max": 163812}, "geometry": {"type": "Point", "coordinates": [95.391428, 21.461828]}}, {"type": "Feature", "properties": {"name": "Letpadan", "adm0name": "Myanmar", "adm1name": "Bago", "pop_max": 176571}, "geometry": {"type": "Point", "coordinates": [95.741484, 17.781898]}}, {"type": "Feature", "properties": {"name": "Taungoo", "adm0name": "Myanmar", "adm1name": "Bago", "pop_max": 106945}, "geometry": {"type": "Point", "coordinates": [96.417928, 18.948287]}}, {"type": "Feature", "properties": {"name": "Thongwa", "adm0name": "Myanmar", "adm1name": "Yangon", "pop_max": 52496}, "geometry": {"type": "Point", "coordinates": [96.519318, 16.7547]}}, {"type": "Feature", "properties": {"name": "Mudon", "adm0name": "Myanmar", "adm1name": "Mon", "pop_max": 152300}, "geometry": {"type": "Point", "coordinates": [97.721466, 16.261836]}}, {"type": "Feature", "properties": {"name": "Ye", "adm0name": "Myanmar", "adm1name": "Mon", "pop_max": 50798}, "geometry": {"type": "Point", "coordinates": [97.867866, 15.253267]}}, {"type": "Feature", "properties": {"name": "Mawlamyine", "adm0name": "Myanmar", "adm1name": "Mon", "pop_max": 438861}, "geometry": {"type": "Point", "coordinates": [97.670048, 16.500426]}}, {"type": "Feature", "properties": {"name": "Kyaukphyu", "adm0name": "Myanmar", "adm1name": "Rakhine", "pop_max": 4261}, "geometry": {"type": "Point", "coordinates": [93.549404, 19.429013]}}, {"type": "Feature", "properties": {"name": "Wakema", "adm0name": "Myanmar", "adm1name": "Ayeyarwady", "pop_max": 48405}, "geometry": {"type": "Point", "coordinates": [95.182862, 16.613287]}}, {"type": "Feature", "properties": {"name": "Labutta", "adm0name": "Myanmar", "adm1name": "Ayeyarwady", "pop_max": 1667}, "geometry": {"type": "Point", "coordinates": [94.701444, 16.161893]}}, {"type": "Feature", "properties": {"name": "Phyarpon", "adm0name": "Myanmar", "adm1name": "Ayeyarwady", "pop_max": 65601}, "geometry": {"type": "Point", "coordinates": [95.682883, 16.293255]}}, {"type": "Feature", "properties": {"name": "Yandoon", "adm0name": "Myanmar", "adm1name": "Ayeyarwady", "pop_max": 36172}, "geometry": {"type": "Point", "coordinates": [95.642885, 17.043287]}}, {"type": "Feature", "properties": {"name": "Hinthada", "adm0name": "Myanmar", "adm1name": "Ayeyarwady", "pop_max": 180728}, "geometry": {"type": "Point", "coordinates": [95.467857, 17.648263]}}, {"type": "Feature", "properties": {"name": "Pathein", "adm0name": "Myanmar", "adm1name": "Ayeyarwady", "pop_max": 237089}, "geometry": {"type": "Point", "coordinates": [94.749968, 16.770409]}}, {"type": "Feature", "properties": {"name": "Allanmyo", "adm0name": "Myanmar", "adm1name": "Magway", "pop_max": 57897}, "geometry": {"type": "Point", "coordinates": [95.227924, 19.378312]}}, {"type": "Feature", "properties": {"name": "Yaynangyoung", "adm0name": "Myanmar", "adm1name": "Magway", "pop_max": 110553}, "geometry": {"type": "Point", "coordinates": [94.880968, 20.46145]}}, {"type": "Feature", "properties": {"name": "Chauk", "adm0name": "Myanmar", "adm1name": "Magway", "pop_max": 90870}, "geometry": {"type": "Point", "coordinates": [94.823039, 20.908477]}}, {"type": "Feature", "properties": {"name": "Pakokku", "adm0name": "Myanmar", "adm1name": "Magway", "pop_max": 126938}, "geometry": {"type": "Point", "coordinates": [95.08664, 21.332043]}}, {"type": "Feature", "properties": {"name": "Namtu", "adm0name": "Myanmar", "adm1name": "Shan", "pop_max": 48591}, "geometry": {"type": "Point", "coordinates": [97.399987, 23.083745]}}, {"type": "Feature", "properties": {"name": "Dawei", "adm0name": "Myanmar", "adm1name": "Tanintharyi", "pop_max": 146212}, "geometry": {"type": "Point", "coordinates": [98.194978, 14.097962]}}, {"type": "Feature", "properties": {"name": "Shwebo", "adm0name": "Myanmar", "adm1name": "Sagaing", "pop_max": 88914}, "geometry": {"type": "Point", "coordinates": [95.692856, 22.578272]}}, {"type": "Feature", "properties": {"name": "Gardiz", "adm0name": "Afghanistan", "adm1name": "Paktya", "pop_max": 103601}, "geometry": {"type": "Point", "coordinates": [69.214628, 33.600054]}}, {"type": "Feature", "properties": {"name": "Pokhara", "adm0name": "Nepal", "adm1name": "Gorkha", "pop_max": 200000}, "geometry": {"type": "Point", "coordinates": [84.00558, 28.204201]}}, {"type": "Feature", "properties": {"name": "Muynoq", "adm0name": "Uzbekistan", "adm1name": "Karakalpakstan", "pop_max": 13000}, "geometry": {"type": "Point", "coordinates": [59.0214, 43.768322]}}, {"type": "Feature", "properties": {"name": "Termiz", "adm0name": "Uzbekistan", "adm1name": "Surkhandarya", "pop_max": 177687}, "geometry": {"type": "Point", "coordinates": [67.272937, 37.232933]}}, {"type": "Feature", "properties": {"name": "Fargona", "adm0name": "Uzbekistan", "adm1name": "Ferghana", "pop_max": 750000}, "geometry": {"type": "Point", "coordinates": [71.780001, 40.389975]}}, {"type": "Feature", "properties": {"name": "Namangan", "adm0name": "Uzbekistan", "adm1name": "Namangan", "pop_max": 750000}, "geometry": {"type": "Point", "coordinates": [71.669982, 41.000016]}}, {"type": "Feature", "properties": {"name": "Khorugh", "adm0name": "Tajikistan", "adm1name": "Gorno-Badakhshan", "pop_max": 30000}, "geometry": {"type": "Point", "coordinates": [71.54756, 37.487517]}}, {"type": "Feature", "properties": {"name": "Khujand", "adm0name": "Tajikistan", "adm1name": "Leninabad", "pop_max": 437684}, "geometry": {"type": "Point", "coordinates": [69.619926, 40.289981]}}, {"type": "Feature", "properties": {"name": "Khon Kaen", "adm0name": "Thailand", "adm1name": "Khon Kaen", "pop_max": 251056}, "geometry": {"type": "Point", "coordinates": [102.830044, 16.420043]}}, {"type": "Feature", "properties": {"name": "Galle", "adm0name": "Sri Lanka", "adm1name": "Galle", "pop_max": 99478}, "geometry": {"type": "Point", "coordinates": [80.240001, 6.030005]}}, {"type": "Feature", "properties": {"name": "Chaman", "adm0name": "Pakistan", "adm1name": "Baluchistan", "pop_max": 88568}, "geometry": {"type": "Point", "coordinates": [66.446321, 30.925049]}}, {"type": "Feature", "properties": {"name": "Turbat", "adm0name": "Pakistan", "adm1name": "Baluchistan", "pop_max": 147791}, "geometry": {"type": "Point", "coordinates": [63.071798, 25.991784]}}, {"type": "Feature", "properties": {"name": "Faisalabad", "adm0name": "Pakistan", "adm1name": "Punjab", "pop_max": 2617000}, "geometry": {"type": "Point", "coordinates": [73.108051, 31.411927]}}, {"type": "Feature", "properties": {"name": "Rawalpindi", "adm0name": "Pakistan", "adm1name": "Punjab", "pop_max": 1858000}, "geometry": {"type": "Point", "coordinates": [73.067502, 33.591002]}}, {"type": "Feature", "properties": {"name": "Bahawalpur", "adm0name": "Pakistan", "adm1name": "Punjab", "pop_max": 552607}, "geometry": {"type": "Point", "coordinates": [71.674994, 29.389975]}}, {"type": "Feature", "properties": {"name": "Mirpur Khas", "adm0name": "Pakistan", "adm1name": "Sind", "pop_max": 356435}, "geometry": {"type": "Point", "coordinates": [69.011798, 25.531786]}}, {"type": "Feature", "properties": {"name": "Sukkur", "adm0name": "Pakistan", "adm1name": "Sind", "pop_max": 417767}, "geometry": {"type": "Point", "coordinates": [68.848552, 27.713566]}}, {"type": "Feature", "properties": {"name": "Karakol", "adm0name": "Kyrgyzstan", "adm1name": "Ysyk-K\u00f6l", "pop_max": 70171}, "geometry": {"type": "Point", "coordinates": [78.38182, 42.492043]}}, {"type": "Feature", "properties": {"name": "Saidu", "adm0name": "Pakistan", "adm1name": "N.W.F.P.", "pop_max": 1860310}, "geometry": {"type": "Point", "coordinates": [72.349992, 34.750035]}}, {"type": "Feature", "properties": {"name": "Johor Bahru", "adm0name": "Malaysia", "adm1name": "Johor", "pop_max": 875000}, "geometry": {"type": "Point", "coordinates": [103.728094, 1.481971]}}, {"type": "Feature", "properties": {"name": "Kelang", "adm0name": "Malaysia", "adm1name": "Selangor", "pop_max": 956000}, "geometry": {"type": "Point", "coordinates": [101.447059, 3.043281]}}, {"type": "Feature", "properties": {"name": "Suhar", "adm0name": "Oman", "adm1name": "Al Batnah", "pop_max": 151349}, "geometry": {"type": "Point", "coordinates": [56.734419, 24.361973]}}, {"type": "Feature", "properties": {"name": "Seeb", "adm0name": "Oman", "adm1name": "Muscat", "pop_max": 237816}, "geometry": {"type": "Point", "coordinates": [58.182536, 23.680246]}}, {"type": "Feature", "properties": {"name": "Savannakhet", "adm0name": "Laos", "adm1name": "Savannakh\u00e9t", "pop_max": 84898}, "geometry": {"type": "Point", "coordinates": [104.772974, 16.537581]}}, {"type": "Feature", "properties": {"name": "Jyekundo", "adm0name": "China", "adm1name": "Gansu", "pop_max": 23000}, "geometry": {"type": "Point", "coordinates": [97.00674, 32.997718]}}, {"type": "Feature", "properties": {"name": "Xingyi", "adm0name": "China", "adm1name": "Guizhou", "pop_max": 816000}, "geometry": {"type": "Point", "coordinates": [104.888075, 25.092364]}}, {"type": "Feature", "properties": {"name": "Nagchu", "adm0name": "China", "adm1name": "Xizang", "pop_max": 2500}, "geometry": {"type": "Point", "coordinates": [92.05003, 31.480002]}}, {"type": "Feature", "properties": {"name": "Nyingchi", "adm0name": "China", "adm1name": "Xizang", "pop_max": 100}, "geometry": {"type": "Point", "coordinates": [94.36651, 29.650744]}}, {"type": "Feature", "properties": {"name": "Chamdo", "adm0name": "China", "adm1name": "Xizang", "pop_max": 100000}, "geometry": {"type": "Point", "coordinates": [97.180939, 31.140938]}}, {"type": "Feature", "properties": {"name": "Korla", "adm0name": "China", "adm1name": "Xinjiang Uygur", "pop_max": 613000}, "geometry": {"type": "Point", "coordinates": [86.150028, 41.729997]}}, {"type": "Feature", "properties": {"name": "Kuqa", "adm0name": "China", "adm1name": "Xinjiang Uygur", "pop_max": 470600}, "geometry": {"type": "Point", "coordinates": [82.936374, 41.727749]}}, {"type": "Feature", "properties": {"name": "Shihezi", "adm0name": "China", "adm1name": "Xinjiang Uygur", "pop_max": 640000}, "geometry": {"type": "Point", "coordinates": [86.029932, 44.299969]}}, {"type": "Feature", "properties": {"name": "Aksu", "adm0name": "China", "adm1name": "Xinjiang Uygur", "pop_max": 695000}, "geometry": {"type": "Point", "coordinates": [80.250026, 41.150006]}}, {"type": "Feature", "properties": {"name": "Leshan", "adm0name": "China", "adm1name": "Sichuan", "pop_max": 1157000}, "geometry": {"type": "Point", "coordinates": [103.731402, 29.569042]}}, {"type": "Feature", "properties": {"name": "Panzhihua", "adm0name": "China", "adm1name": "Sichuan", "pop_max": 461513}, "geometry": {"type": "Point", "coordinates": [101.730007, 26.549993]}}, {"type": "Feature", "properties": {"name": "Fulin", "adm0name": "China", "adm1name": "Sichuan", "pop_max": 1049}, "geometry": {"type": "Point", "coordinates": [102.716717, 29.350003]}}, {"type": "Feature", "properties": {"name": "Yibin", "adm0name": "China", "adm1name": "Sichuan", "pop_max": 902000}, "geometry": {"type": "Point", "coordinates": [104.568095, 28.771933]}}, {"type": "Feature", "properties": {"name": "Zhaotang", "adm0name": "China", "adm1name": "Yunnan", "pop_max": 809000}, "geometry": {"type": "Point", "coordinates": [103.718069, 27.322331]}}, {"type": "Feature", "properties": {"name": "Lijiang", "adm0name": "China", "adm1name": "Yunnan", "pop_max": 18445}, "geometry": {"type": "Point", "coordinates": [100.266582, 26.800004]}}, {"type": "Feature", "properties": {"name": "Yuxi", "adm0name": "China", "adm1name": "Yunnan", "pop_max": 396325}, "geometry": {"type": "Point", "coordinates": [102.570008, 24.379996]}}, {"type": "Feature", "properties": {"name": "Dali", "adm0name": "China", "adm1name": "Yunnan", "pop_max": 156685}, "geometry": {"type": "Point", "coordinates": [100.250319, 25.593731]}}, {"type": "Feature", "properties": {"name": "Kakinada", "adm0name": "India", "adm1name": "Andhra Pradesh", "pop_max": 292923}, "geometry": {"type": "Point", "coordinates": [82.237502, 16.967477]}}, {"type": "Feature", "properties": {"name": "Warangal", "adm0name": "India", "adm1name": "Telangana", "pop_max": 1203853}, "geometry": {"type": "Point", "coordinates": [79.57999, 18.009998]}}, {"type": "Feature", "properties": {"name": "Brahmapur", "adm0name": "India", "adm1name": "Orissa", "pop_max": 324726}, "geometry": {"type": "Point", "coordinates": [84.799981, 19.319995]}}, {"type": "Feature", "properties": {"name": "Vijayapura", "adm0name": "India", "adm1name": "Karnataka", "pop_max": 271064}, "geometry": {"type": "Point", "coordinates": [75.709993, 16.835418]}}, {"type": "Feature", "properties": {"name": "Bhiwandi", "adm0name": "India", "adm1name": "Maharashtra", "pop_max": 795000}, "geometry": {"type": "Point", "coordinates": [73.12805, 19.351965]}}, {"type": "Feature", "properties": {"name": "Latur", "adm0name": "India", "adm1name": "Maharashtra", "pop_max": 374394}, "geometry": {"type": "Point", "coordinates": [76.569993, 18.400413]}}, {"type": "Feature", "properties": {"name": "Ahmednagar", "adm0name": "India", "adm1name": "Maharashtra", "pop_max": 391760}, "geometry": {"type": "Point", "coordinates": [74.745774, 19.082031]}}, {"type": "Feature", "properties": {"name": "Chandrapur", "adm0name": "India", "adm1name": "Maharashtra", "pop_max": 595118}, "geometry": {"type": "Point", "coordinates": [79.300007, 19.969981]}}, {"type": "Feature", "properties": {"name": "Amravati", "adm0name": "India", "adm1name": "Maharashtra", "pop_max": 734451}, "geometry": {"type": "Point", "coordinates": [77.78181, 20.925616]}}, {"type": "Feature", "properties": {"name": "Dhule", "adm0name": "India", "adm1name": "Maharashtra", "pop_max": 479073}, "geometry": {"type": "Point", "coordinates": [74.769999, 20.899976]}}, {"type": "Feature", "properties": {"name": "Dibrugarh", "adm0name": "India", "adm1name": "Assam", "pop_max": 166366}, "geometry": {"type": "Point", "coordinates": [94.899985, 27.483321]}}, {"type": "Feature", "properties": {"name": "Imphal", "adm0name": "India", "adm1name": "Manipur", "pop_max": 264986}, "geometry": {"type": "Point", "coordinates": [93.950017, 24.799971]}}, {"type": "Feature", "properties": {"name": "Kashmar", "adm0name": "Iran", "adm1name": "Razavi Khorasan", "pop_max": 157135}, "geometry": {"type": "Point", "coordinates": [58.45146, 35.18143]}}, {"type": "Feature", "properties": {"name": "Bam", "adm0name": "Iran", "adm1name": "Kerman", "pop_max": 99268}, "geometry": {"type": "Point", "coordinates": [58.361957, 29.107692]}}, {"type": "Feature", "properties": {"name": "Kerman", "adm0name": "Iran", "adm1name": "Kerman", "pop_max": 577514}, "geometry": {"type": "Point", "coordinates": [57.080019, 30.299997]}}, {"type": "Feature", "properties": {"name": "Udaipur", "adm0name": "India", "adm1name": "Rajasthan", "pop_max": 469737}, "geometry": {"type": "Point", "coordinates": [73.730011, 24.599983]}}, {"type": "Feature", "properties": {"name": "Turkistan", "adm0name": "Kazakhstan", "adm1name": "South Kazakhstan", "pop_max": 97360}, "geometry": {"type": "Point", "coordinates": [68.254893, 43.301555]}}, {"type": "Feature", "properties": {"name": "Gorakhpur", "adm0name": "India", "adm1name": "Uttar Pradesh", "pop_max": 674246}, "geometry": {"type": "Point", "coordinates": [83.380016, 26.750394]}}, {"type": "Feature", "properties": {"name": "Barddhaman", "adm0name": "India", "adm1name": "West Bengal", "pop_max": 301725}, "geometry": {"type": "Point", "coordinates": [87.864962, 23.250375]}}, {"type": "Feature", "properties": {"name": "Krishnanagar", "adm0name": "India", "adm1name": "West Bengal", "pop_max": 145926}, "geometry": {"type": "Point", "coordinates": [88.530038, 23.380342]}}, {"type": "Feature", "properties": {"name": "Gaya", "adm0name": "India", "adm1name": "Bihar", "pop_max": 423692}, "geometry": {"type": "Point", "coordinates": [85.000021, 24.799971]}}, {"type": "Feature", "properties": {"name": "Porbandar", "adm0name": "India", "adm1name": "Dadra and Nagar Haveli", "pop_max": 234684}, "geometry": {"type": "Point", "coordinates": [69.67, 21.669981]}}, {"type": "Feature", "properties": {"name": "Da\u015foguz", "adm0name": "Turkmenistan", "adm1name": "Tashauz", "pop_max": 201424}, "geometry": {"type": "Point", "coordinates": [59.96496, 41.83999]}}, {"type": "Feature", "properties": {"name": "Urgentch", "adm0name": "Uzbekistan", "adm1name": "Khorezm", "pop_max": 150110}, "geometry": {"type": "Point", "coordinates": [60.640009, 41.559981]}}, {"type": "Feature", "properties": {"name": "Phuket", "adm0name": "Thailand", "adm1name": "Phuket", "pop_max": 141618}, "geometry": {"type": "Point", "coordinates": [98.381529, 7.876533]}}, {"type": "Feature", "properties": {"name": "Bamian", "adm0name": "Afghanistan", "adm1name": "Bamyan", "pop_max": 61863}, "geometry": {"type": "Point", "coordinates": [67.822732, 34.813337]}}, {"type": "Feature", "properties": {"name": "Baghlan", "adm0name": "Afghanistan", "adm1name": "Baghlan", "pop_max": 218748}, "geometry": {"type": "Point", "coordinates": [68.699259, 36.13933]}}, {"type": "Feature", "properties": {"name": "Rangpur", "adm0name": "Bangladesh", "adm1name": "Rajshahi", "pop_max": 285564}, "geometry": {"type": "Point", "coordinates": [89.280018, 25.750016]}}, {"type": "Feature", "properties": {"name": "Bago", "adm0name": "Myanmar", "adm1name": "Bago", "pop_max": 284318}, "geometry": {"type": "Point", "coordinates": [96.514977, 17.320014]}}, {"type": "Feature", "properties": {"name": "Pyu", "adm0name": "Myanmar", "adm1name": "Bago", "pop_max": 40386}, "geometry": {"type": "Point", "coordinates": [96.437876, 18.477876]}}, {"type": "Feature", "properties": {"name": "Pyay", "adm0name": "Myanmar", "adm1name": "Bago", "pop_max": 135308}, "geometry": {"type": "Point", "coordinates": [95.211439, 18.81646]}}, {"type": "Feature", "properties": {"name": "Magway", "adm0name": "Myanmar", "adm1name": "Magway", "pop_max": 125973}, "geometry": {"type": "Point", "coordinates": [94.91957, 20.144544]}}, {"type": "Feature", "properties": {"name": "Myitkyina", "adm0name": "Myanmar", "adm1name": "Kachin", "pop_max": 139100}, "geometry": {"type": "Point", "coordinates": [97.392753, 25.359627]}}, {"type": "Feature", "properties": {"name": "Monywa", "adm0name": "Myanmar", "adm1name": "Sagaing", "pop_max": 226222}, "geometry": {"type": "Point", "coordinates": [95.149996, 22.104993]}}, {"type": "Feature", "properties": {"name": "Nakhon Si Thammarat", "adm0name": "Thailand", "adm1name": "Nakhon Si Thammarat", "pop_max": 232335}, "geometry": {"type": "Point", "coordinates": [99.970011, 8.39999]}}, {"type": "Feature", "properties": {"name": "Songkhla", "adm0name": "Thailand", "adm1name": "Songkhla (Songkhla Lake)", "pop_max": 48616}, "geometry": {"type": "Point", "coordinates": [100.560001, 7.209959]}}, {"type": "Feature", "properties": {"name": "Hat Yai", "adm0name": "Thailand", "adm1name": "Songkhla", "pop_max": 317954}, "geometry": {"type": "Point", "coordinates": [100.471428, 6.996432]}}, {"type": "Feature", "properties": {"name": "Nakhon Sawan", "adm0name": "Thailand", "adm1name": "Nakhon Sawan", "pop_max": 111915}, "geometry": {"type": "Point", "coordinates": [100.070005, 15.700035]}}, {"type": "Feature", "properties": {"name": "Ubon Ratchathani", "adm0name": "Thailand", "adm1name": "Ubon Ratchathani", "pop_max": 273893}, "geometry": {"type": "Point", "coordinates": [104.830025, 15.249959]}}, {"type": "Feature", "properties": {"name": "Nizwa", "adm0name": "Oman", "adm1name": "Ad Dakhliyah", "pop_max": 72076}, "geometry": {"type": "Point", "coordinates": [57.531413, 22.92639]}}, {"type": "Feature", "properties": {"name": "Sur", "adm0name": "Oman", "adm1name": "Ash Sharqiyah", "pop_max": 71152}, "geometry": {"type": "Point", "coordinates": [59.534805, 22.575817]}}, {"type": "Feature", "properties": {"name": "Anuradhapura", "adm0name": "Sri Lanka", "adm1name": "Anuradhapura", "pop_max": 118302}, "geometry": {"type": "Point", "coordinates": [80.3833, 8.349993]}}, {"type": "Feature", "properties": {"name": "Jaffna", "adm0name": "Sri Lanka", "adm1name": "Jaffna", "pop_max": 250000}, "geometry": {"type": "Point", "coordinates": [80.005028, 9.675002]}}, {"type": "Feature", "properties": {"name": "Sibolga", "adm0name": "Indonesia", "adm1name": "Sumatera Utara", "pop_max": 217312}, "geometry": {"type": "Point", "coordinates": [98.800005, 1.749982]}}, {"type": "Feature", "properties": {"name": "Pematangsiantar", "adm0name": "Indonesia", "adm1name": "Sumatera Utara", "pop_max": 341200}, "geometry": {"type": "Point", "coordinates": [99.061488, 2.961433]}}, {"type": "Feature", "properties": {"name": "Pekanbaru", "adm0name": "Indonesia", "adm1name": "Riau", "pop_max": 799000}, "geometry": {"type": "Point", "coordinates": [101.423067, 0.56691]}}, {"type": "Feature", "properties": {"name": "Lhokseumawe", "adm0name": "Indonesia", "adm1name": "Aceh", "pop_max": 140322}, "geometry": {"type": "Point", "coordinates": [97.14145, 5.1914]}}, {"type": "Feature", "properties": {"name": "Taiping", "adm0name": "Malaysia", "adm1name": "Perak", "pop_max": 237095}, "geometry": {"type": "Point", "coordinates": [100.719991, 4.86496]}}, {"type": "Feature", "properties": {"name": "Ipoh", "adm0name": "Malaysia", "adm1name": "Perak", "pop_max": 673318}, "geometry": {"type": "Point", "coordinates": [101.064983, 4.599989]}}, {"type": "Feature", "properties": {"name": "Kota Baharu", "adm0name": "Malaysia", "adm1name": "Kelantan", "pop_max": 505583}, "geometry": {"type": "Point", "coordinates": [102.229977, 6.119974]}}, {"type": "Feature", "properties": {"name": "Malacca", "adm0name": "Malaysia", "adm1name": "Melaka", "pop_max": 788706}, "geometry": {"type": "Point", "coordinates": [102.246461, 2.206414]}}, {"type": "Feature", "properties": {"name": "Kuantan", "adm0name": "Malaysia", "adm1name": "Pahang", "pop_max": 366229}, "geometry": {"type": "Point", "coordinates": [103.320039, 3.829959]}}, {"type": "Feature", "properties": {"name": "Nellore", "adm0name": "India", "adm1name": "Andhra Pradesh", "pop_max": 678004}, "geometry": {"type": "Point", "coordinates": [79.989939, 14.439983]}}, {"type": "Feature", "properties": {"name": "Kurnool", "adm0name": "India", "adm1name": "Andhra Pradesh", "pop_max": 424920}, "geometry": {"type": "Point", "coordinates": [78.030007, 15.830001]}}, {"type": "Feature", "properties": {"name": "Guntur", "adm0name": "India", "adm1name": "Andhra Pradesh", "pop_max": 530577}, "geometry": {"type": "Point", "coordinates": [80.450014, 16.329997]}}, {"type": "Feature", "properties": {"name": "Tumakuru", "adm0name": "India", "adm1name": "Karnataka", "pop_max": 399606}, "geometry": {"type": "Point", "coordinates": [77.100038, 13.329973]}}, {"type": "Feature", "properties": {"name": "Davangere", "adm0name": "India", "adm1name": "Karnataka", "pop_max": 503564}, "geometry": {"type": "Point", "coordinates": [75.920006, 14.470007]}}, {"type": "Feature", "properties": {"name": "Ballari", "adm0name": "India", "adm1name": "Karnataka", "pop_max": 445388}, "geometry": {"type": "Point", "coordinates": [76.915036, 15.150043]}}, {"type": "Feature", "properties": {"name": "Belagavi", "adm0name": "India", "adm1name": "Karnataka", "pop_max": 608756}, "geometry": {"type": "Point", "coordinates": [74.505002, 15.865012]}}, {"type": "Feature", "properties": {"name": "Birjand", "adm0name": "Iran", "adm1name": "South Khorasan", "pop_max": 324703}, "geometry": {"type": "Point", "coordinates": [59.219941, 32.88002]}}, {"type": "Feature", "properties": {"name": "Sabzewar", "adm0name": "Iran", "adm1name": "Razavi Khorasan", "pop_max": 226183}, "geometry": {"type": "Point", "coordinates": [57.630012, 36.220023]}}, {"type": "Feature", "properties": {"name": "Zabol", "adm0name": "Iran", "adm1name": "Sistan and Baluchestan", "pop_max": 233968}, "geometry": {"type": "Point", "coordinates": [61.481456, 31.021451]}}, {"type": "Feature", "properties": {"name": "Zahedan", "adm0name": "Iran", "adm1name": "Sistan and Baluchestan", "pop_max": 598887}, "geometry": {"type": "Point", "coordinates": [60.830023, 29.499994]}}, {"type": "Feature", "properties": {"name": "Tuticorin", "adm0name": "India", "adm1name": "Tamil Nadu", "pop_max": 436094}, "geometry": {"type": "Point", "coordinates": [78.131797, 8.7978]}}, {"type": "Feature", "properties": {"name": "Dindigul", "adm0name": "India", "adm1name": "Tamil Nadu", "pop_max": 200797}, "geometry": {"type": "Point", "coordinates": [77.978285, 10.359908]}}, {"type": "Feature", "properties": {"name": "Farah", "adm0name": "Afghanistan", "adm1name": "Farah", "pop_max": 73647}, "geometry": {"type": "Point", "coordinates": [62.096819, 32.39173]}}, {"type": "Feature", "properties": {"name": "Myeik", "adm0name": "Myanmar", "adm1name": "Tanintharyi", "pop_max": 266720}, "geometry": {"type": "Point", "coordinates": [98.61149, 12.454083]}}, {"type": "Feature", "properties": {"name": "Gujranwala", "adm0name": "Pakistan", "adm1name": "Punjab", "pop_max": 1513000}, "geometry": {"type": "Point", "coordinates": [74.183076, 32.162372]}}, {"type": "Feature", "properties": {"name": "Chandigarh", "adm0name": "India", "adm1name": "Chandigarh", "pop_max": 979000}, "geometry": {"type": "Point", "coordinates": [76.77806, 30.721943]}}, {"type": "Feature", "properties": {"name": "Jammu", "adm0name": "India", "adm1name": "Jammu and Kashmir", "pop_max": 791000}, "geometry": {"type": "Point", "coordinates": [74.844793, 32.713733]}}, {"type": "Feature", "properties": {"name": "Sholapur", "adm0name": "India", "adm1name": "Maharashtra", "pop_max": 1057000}, "geometry": {"type": "Point", "coordinates": [75.898062, 17.672352]}}, {"type": "Feature", "properties": {"name": "Aurangabad", "adm0name": "India", "adm1name": "Maharashtra", "pop_max": 1113000}, "geometry": {"type": "Point", "coordinates": [75.328948, 19.861686]}}, {"type": "Feature", "properties": {"name": "Nasik", "adm0name": "India", "adm1name": "Maharashtra", "pop_max": 1473000}, "geometry": {"type": "Point", "coordinates": [73.778036, 20.002365]}}, {"type": "Feature", "properties": {"name": "Dispur", "adm0name": "India", "adm1name": "Assam", "pop_max": 16140}, "geometry": {"type": "Point", "coordinates": [91.766636, 26.144023]}}, {"type": "Feature", "properties": {"name": "Jullundur", "adm0name": "India", "adm1name": "Punjab", "pop_max": 855000}, "geometry": {"type": "Point", "coordinates": [75.567074, 31.336866]}}, {"type": "Feature", "properties": {"name": "Allahabad", "adm0name": "India", "adm1name": "Uttar Pradesh", "pop_max": 1201000}, "geometry": {"type": "Point", "coordinates": [81.838061, 25.456941]}}, {"type": "Feature", "properties": {"name": "Moradabad", "adm0name": "India", "adm1name": "Uttar Pradesh", "pop_max": 787000}, "geometry": {"type": "Point", "coordinates": [78.754838, 28.843737]}}, {"type": "Feature", "properties": {"name": "Ghaziabad", "adm0name": "India", "adm1name": "Uttar Pradesh", "pop_max": 1341000}, "geometry": {"type": "Point", "coordinates": [77.406445, 28.662327]}}, {"type": "Feature", "properties": {"name": "Agra", "adm0name": "India", "adm1name": "Uttar Pradesh", "pop_max": 1592000}, "geometry": {"type": "Point", "coordinates": [78.013075, 27.172366]}}, {"type": "Feature", "properties": {"name": "Aligarh", "adm0name": "India", "adm1name": "Uttar Pradesh", "pop_max": 805000}, "geometry": {"type": "Point", "coordinates": [78.059842, 27.894157]}}, {"type": "Feature", "properties": {"name": "Meerut", "adm0name": "India", "adm1name": "Uttar Pradesh", "pop_max": 1398000}, "geometry": {"type": "Point", "coordinates": [77.698055, 29.002358]}}, {"type": "Feature", "properties": {"name": "Dhanbad", "adm0name": "India", "adm1name": "Jharkhand", "pop_max": 1246000}, "geometry": {"type": "Point", "coordinates": [86.41804, 23.802339]}}, {"type": "Feature", "properties": {"name": "Gwalior", "adm0name": "India", "adm1name": "Madhya Pradesh", "pop_max": 978000}, "geometry": {"type": "Point", "coordinates": [78.169197, 26.200035]}}, {"type": "Feature", "properties": {"name": "Vadodara", "adm0name": "India", "adm1name": "Dadra and Nagar Haveli", "pop_max": 1756000}, "geometry": {"type": "Point", "coordinates": [73.178073, 22.311965]}}, {"type": "Feature", "properties": {"name": "Rajkot", "adm0name": "India", "adm1name": "Dadra and Nagar Haveli", "pop_max": 1260000}, "geometry": {"type": "Point", "coordinates": [70.798063, 22.311965]}}, {"type": "Feature", "properties": {"name": "Bukhara", "adm0name": "Uzbekistan", "adm1name": "Bukhoro", "pop_max": 319476}, "geometry": {"type": "Point", "coordinates": [64.43001, 39.780012]}}, {"type": "Feature", "properties": {"name": "Nukus", "adm0name": "Uzbekistan", "adm1name": "Karakalpakstan", "pop_max": 230006}, "geometry": {"type": "Point", "coordinates": [59.615007, 42.470003]}}, {"type": "Feature", "properties": {"name": "T\u00fcrkmenabat", "adm0name": "Turkmenistan", "adm1name": "Chardzhou", "pop_max": 234817}, "geometry": {"type": "Point", "coordinates": [63.580036, 39.110002]}}, {"type": "Feature", "properties": {"name": "Mary", "adm0name": "Turkmenistan", "adm1name": "Mary", "pop_max": 178708}, "geometry": {"type": "Point", "coordinates": [61.833321, 37.600016]}}, {"type": "Feature", "properties": {"name": "Andijan", "adm0name": "Uzbekistan", "adm1name": "Andijon", "pop_max": 650000}, "geometry": {"type": "Point", "coordinates": [72.339967, 40.790002]}}, {"type": "Feature", "properties": {"name": "Surat Thani", "adm0name": "Thailand", "adm1name": "Surat Thani", "pop_max": 157627}, "geometry": {"type": "Point", "coordinates": [99.340127, 9.150099]}}, {"type": "Feature", "properties": {"name": "Chiang Mai", "adm0name": "Thailand", "adm1name": "Chiang Mai", "pop_max": 397211}, "geometry": {"type": "Point", "coordinates": [98.980046, 18.799975]}}, {"type": "Feature", "properties": {"name": "Nakhon Ratchasima", "adm0name": "Thailand", "adm1name": "Nakhon Ratchasima", "pop_max": 334984}, "geometry": {"type": "Point", "coordinates": [102.10001, 15.000026]}}, {"type": "Feature", "properties": {"name": "Quetta", "adm0name": "Pakistan", "adm1name": "Baluchistan", "pop_max": 768000}, "geometry": {"type": "Point", "coordinates": [67.023048, 30.221947]}}, {"type": "Feature", "properties": {"name": "Larkana", "adm0name": "Pakistan", "adm1name": "Sind", "pop_max": 364033}, "geometry": {"type": "Point", "coordinates": [68.206782, 27.561766]}}, {"type": "Feature", "properties": {"name": "Kandy", "adm0name": "Sri Lanka", "adm1name": "Kandy", "pop_max": 111701}, "geometry": {"type": "Point", "coordinates": [80.670001, 7.279981]}}, {"type": "Feature", "properties": {"name": "Sri Jayawardenepura Kotte", "adm0name": "Sri Lanka", "adm1name": "Colombo", "pop_max": 115826}, "geometry": {"type": "Point", "coordinates": [79.949993, 6.900004]}}, {"type": "Feature", "properties": {"name": "Dalandzadgad", "adm0name": "Mongolia", "adm1name": "\u00d6mn\u00f6govi", "pop_max": 15093}, "geometry": {"type": "Point", "coordinates": [104.440281, 43.583553]}}, {"type": "Feature", "properties": {"name": "Banda Aceh", "adm0name": "Indonesia", "adm1name": "Aceh", "pop_max": 513698}, "geometry": {"type": "Point", "coordinates": [95.320011, 5.549983]}}, {"type": "Feature", "properties": {"name": "George Town", "adm0name": "Malaysia", "adm1name": "Pulau Pinang", "pop_max": 2500000}, "geometry": {"type": "Point", "coordinates": [100.329368, 5.413613]}}, {"type": "Feature", "properties": {"name": "Zhangye", "adm0name": "China", "adm1name": "Gansu", "pop_max": 230728}, "geometry": {"type": "Point", "coordinates": [100.450034, 38.929987]}}, {"type": "Feature", "properties": {"name": "Wuwei", "adm0name": "China", "adm1name": "Gansu", "pop_max": 493092}, "geometry": {"type": "Point", "coordinates": [102.641011, 37.928007]}}, {"type": "Feature", "properties": {"name": "Dunhuang", "adm0name": "China", "adm1name": "Gansu", "pop_max": 140094}, "geometry": {"type": "Point", "coordinates": [94.662015, 40.142678]}}, {"type": "Feature", "properties": {"name": "Dulan", "adm0name": "China", "adm1name": "Gansu", "pop_max": 100}, "geometry": {"type": "Point", "coordinates": [98.266601, 36.16659]}}, {"type": "Feature", "properties": {"name": "Golmud", "adm0name": "China", "adm1name": "Gansu", "pop_max": 107092}, "geometry": {"type": "Point", "coordinates": [94.883345, 36.416626]}}, {"type": "Feature", "properties": {"name": "Liupanshui", "adm0name": "China", "adm1name": "Guizhou", "pop_max": 1221000}, "geometry": {"type": "Point", "coordinates": [104.831386, 26.596381]}}, {"type": "Feature", "properties": {"name": "Xigaze", "adm0name": "China", "adm1name": "Xizang", "pop_max": 80000}, "geometry": {"type": "Point", "coordinates": [88.88335, 29.250009]}}, {"type": "Feature", "properties": {"name": "Shache", "adm0name": "China", "adm1name": "Xinjiang Uygur", "pop_max": 851374}, "geometry": {"type": "Point", "coordinates": [77.250003, 38.426142]}}, {"type": "Feature", "properties": {"name": "Yining", "adm0name": "China", "adm1name": "Xinjiang Uygur", "pop_max": 542507}, "geometry": {"type": "Point", "coordinates": [81.350011, 43.900019]}}, {"type": "Feature", "properties": {"name": "Putrajaya", "adm0name": "Malaysia", "adm1name": "Selangor", "pop_max": 67964}, "geometry": {"type": "Point", "coordinates": [101.695037, 2.932515]}}, {"type": "Feature", "properties": {"name": "Mianyang", "adm0name": "China", "adm1name": "Sichuan", "pop_max": 1396000}, "geometry": {"type": "Point", "coordinates": [104.689993, 31.464828]}}, {"type": "Feature", "properties": {"name": "Xichang", "adm0name": "China", "adm1name": "Sichuan", "pop_max": 379993}, "geometry": {"type": "Point", "coordinates": [102.299998, 27.880015]}}, {"type": "Feature", "properties": {"name": "Baoshan", "adm0name": "China", "adm1name": "Yunnan", "pop_max": 1000000}, "geometry": {"type": "Point", "coordinates": [99.15001, 25.119977]}}, {"type": "Feature", "properties": {"name": "Gejiu", "adm0name": "China", "adm1name": "Yunnan", "pop_max": 149105}, "geometry": {"type": "Point", "coordinates": [103.150076, 23.37998]}}, {"type": "Feature", "properties": {"name": "Faridabad", "adm0name": "India", "adm1name": "Haryana", "pop_max": 1394000}, "geometry": {"type": "Point", "coordinates": [77.314721, 28.435279]}}, {"type": "Feature", "properties": {"name": "Srinagar", "adm0name": "India", "adm1name": "Jammu and Kashmir", "pop_max": 1140000}, "geometry": {"type": "Point", "coordinates": [74.828309, 34.069474]}}, {"type": "Feature", "properties": {"name": "Vijayawada", "adm0name": "India", "adm1name": "Andhra Pradesh", "pop_max": 1137000}, "geometry": {"type": "Point", "coordinates": [80.628057, 16.521905]}}, {"type": "Feature", "properties": {"name": "Thiruvananthapuram", "adm0name": "India", "adm1name": "Kerala", "pop_max": 954000}, "geometry": {"type": "Point", "coordinates": [76.925191, 8.515521]}}, {"type": "Feature", "properties": {"name": "Kochi", "adm0name": "India", "adm1name": "Kerala", "pop_max": 1519000}, "geometry": {"type": "Point", "coordinates": [76.22197, 10.016953]}}, {"type": "Feature", "properties": {"name": "Cuttack", "adm0name": "India", "adm1name": "Orissa", "pop_max": 580000}, "geometry": {"type": "Point", "coordinates": [85.889941, 20.470002]}}, {"type": "Feature", "properties": {"name": "Hubballi", "adm0name": "India", "adm1name": "Karnataka", "pop_max": 890000}, "geometry": {"type": "Point", "coordinates": [75.12307, 15.361924]}}, {"type": "Feature", "properties": {"name": "Mangaluru", "adm0name": "India", "adm1name": "Karnataka", "pop_max": 776632}, "geometry": {"type": "Point", "coordinates": [74.849994, 12.900025]}}, {"type": "Feature", "properties": {"name": "Mysuru", "adm0name": "India", "adm1name": "Karnataka", "pop_max": 887000}, "geometry": {"type": "Point", "coordinates": [76.658067, 12.31193]}}, {"type": "Feature", "properties": {"name": "Kalaburagi", "adm0name": "India", "adm1name": "Karnataka", "pop_max": 483615}, "geometry": {"type": "Point", "coordinates": [76.820003, 17.34996]}}, {"type": "Feature", "properties": {"name": "Kolhapur", "adm0name": "India", "adm1name": "Maharashtra", "pop_max": 750000}, "geometry": {"type": "Point", "coordinates": [74.220007, 16.7]}}, {"type": "Feature", "properties": {"name": "Nanded", "adm0name": "India", "adm1name": "Maharashtra", "pop_max": 623708}, "geometry": {"type": "Point", "coordinates": [77.308337, 19.197259]}}, {"type": "Feature", "properties": {"name": "Akola", "adm0name": "India", "adm1name": "Maharashtra", "pop_max": 503502}, "geometry": {"type": "Point", "coordinates": [77.010018, 20.709988]}}, {"type": "Feature", "properties": {"name": "Guwahati", "adm0name": "India", "adm1name": "Assam", "pop_max": 983000}, "geometry": {"type": "Point", "coordinates": [91.768049, 26.161963]}}, {"type": "Feature", "properties": {"name": "Qyzylorda", "adm0name": "Kazakhstan", "adm1name": "Qyzylorda", "pop_max": 300000}, "geometry": {"type": "Point", "coordinates": [65.464986, 44.800016]}}, {"type": "Feature", "properties": {"name": "Bandar-e-Abbas", "adm0name": "Iran", "adm1name": "Hormozgan", "pop_max": 461499}, "geometry": {"type": "Point", "coordinates": [56.272135, 27.20406]}}, {"type": "Feature", "properties": {"name": "Ludhiana", "adm0name": "India", "adm1name": "Punjab", "pop_max": 1649000}, "geometry": {"type": "Point", "coordinates": [75.870312, 30.929708]}}, {"type": "Feature", "properties": {"name": "Kota", "adm0name": "India", "adm1name": "Rajasthan", "pop_max": 827000}, "geometry": {"type": "Point", "coordinates": [75.833053, 25.181945]}}, {"type": "Feature", "properties": {"name": "Jodhpur", "adm0name": "India", "adm1name": "Rajasthan", "pop_max": 995000}, "geometry": {"type": "Point", "coordinates": [73.014827, 26.293712]}}, {"type": "Feature", "properties": {"name": "Shymkent", "adm0name": "Kazakhstan", "adm1name": "South Kazakhstan", "pop_max": 465392}, "geometry": {"type": "Point", "coordinates": [69.595018, 42.320012]}}, {"type": "Feature", "properties": {"name": "Taraz", "adm0name": "Kazakhstan", "adm1name": "Zhambyl", "pop_max": 358153}, "geometry": {"type": "Point", "coordinates": [71.364987, 42.899977]}}, {"type": "Feature", "properties": {"name": "Lucknow", "adm0name": "India", "adm1name": "Uttar Pradesh", "pop_max": 2695000}, "geometry": {"type": "Point", "coordinates": [80.913053, 26.856985]}}, {"type": "Feature", "properties": {"name": "Saharanpur", "adm0name": "India", "adm1name": "Uttar Pradesh", "pop_max": 484873}, "geometry": {"type": "Point", "coordinates": [77.550036, 29.970017]}}, {"type": "Feature", "properties": {"name": "Ranchi", "adm0name": "India", "adm1name": "Jharkhand", "pop_max": 1044000}, "geometry": {"type": "Point", "coordinates": [85.32808, 23.371952]}}, {"type": "Feature", "properties": {"name": "Bhagalpur", "adm0name": "India", "adm1name": "Bihar", "pop_max": 361548}, "geometry": {"type": "Point", "coordinates": [86.980003, 25.229996]}}, {"type": "Feature", "properties": {"name": "Raipur", "adm0name": "India", "adm1name": "Chhattisgarh", "pop_max": 875000}, "geometry": {"type": "Point", "coordinates": [81.633061, 21.23694]}}, {"type": "Feature", "properties": {"name": "Jabalpur", "adm0name": "India", "adm1name": "Madhya Pradesh", "pop_max": 1285000}, "geometry": {"type": "Point", "coordinates": [79.953112, 23.177003]}}, {"type": "Feature", "properties": {"name": "Indore", "adm0name": "India", "adm1name": "Madhya Pradesh", "pop_max": 2026000}, "geometry": {"type": "Point", "coordinates": [75.863077, 22.717005]}}, {"type": "Feature", "properties": {"name": "Puducherry", "adm0name": "India", "adm1name": "Puducherry", "pop_max": 227411}, "geometry": {"type": "Point", "coordinates": [79.83, 11.934994]}}, {"type": "Feature", "properties": {"name": "Salem", "adm0name": "India", "adm1name": "Tamil Nadu", "pop_max": 873000}, "geometry": {"type": "Point", "coordinates": [78.178129, 11.671943]}}, {"type": "Feature", "properties": {"name": "Tiruchirappalli", "adm0name": "India", "adm1name": "Tamil Nadu", "pop_max": 951000}, "geometry": {"type": "Point", "coordinates": [78.687512, 10.800541]}}, {"type": "Feature", "properties": {"name": "Herat", "adm0name": "Afghanistan", "adm1name": "Hirat", "pop_max": 481009}, "geometry": {"type": "Point", "coordinates": [62.169993, 34.330009]}}, {"type": "Feature", "properties": {"name": "Mazar-i-Sharif", "adm0name": "Afghanistan", "adm1name": "Balkh", "pop_max": 458151}, "geometry": {"type": "Point", "coordinates": [67.100028, 36.699994]}}, {"type": "Feature", "properties": {"name": "Battambang", "adm0name": "Cambodia", "adm1name": "Batd\u00e2mb\u00e2ng", "pop_max": 154773}, "geometry": {"type": "Point", "coordinates": [103.200047, 13.100013]}}, {"type": "Feature", "properties": {"name": "Siem Reap", "adm0name": "Cambodia", "adm1name": "Siemr\u00e9ab", "pop_max": 109398}, "geometry": {"type": "Point", "coordinates": [103.850033, 13.366638]}}, {"type": "Feature", "properties": {"name": "Khulna", "adm0name": "Bangladesh", "adm1name": "Khulna", "pop_max": 1553000}, "geometry": {"type": "Point", "coordinates": [89.558055, 22.841933]}}, {"type": "Feature", "properties": {"name": "Rajshahi", "adm0name": "Bangladesh", "adm1name": "Rajshahi", "pop_max": 810000}, "geometry": {"type": "Point", "coordinates": [88.603074, 24.37693]}}, {"type": "Feature", "properties": {"name": "Mandalay", "adm0name": "Myanmar", "adm1name": "Mandalay", "pop_max": 1300000}, "geometry": {"type": "Point", "coordinates": [96.083083, 21.971934]}}, {"type": "Feature", "properties": {"name": "Sittwe", "adm0name": "Myanmar", "adm1name": "Rakhine", "pop_max": 179032}, "geometry": {"type": "Point", "coordinates": [92.880005, 20.139997]}}, {"type": "Feature", "properties": {"name": "Leh", "adm0name": "India", "adm1name": "Ladakh", "pop_max": 30870}, "geometry": {"type": "Point", "coordinates": [77.572291, 34.161559]}}, {"type": "Feature", "properties": {"name": "Amaravati", "adm0name": "India", "adm1name": "Andhra Pradesh", "pop_max": 5800000}, "geometry": {"type": "Point", "coordinates": [80.52432, 16.533658]}}, {"type": "Feature", "properties": {"name": "Kozhikode", "adm0name": "India", "adm1name": "Kerala", "pop_max": 953000}, "geometry": {"type": "Point", "coordinates": [75.768044, 11.252382]}}, {"type": "Feature", "properties": {"name": "Bhubaneswar", "adm0name": "India", "adm1name": "Orissa", "pop_max": 844000}, "geometry": {"type": "Point", "coordinates": [85.825414, 20.272374]}}, {"type": "Feature", "properties": {"name": "Jamshedpur", "adm0name": "India", "adm1name": "Jharkhand", "pop_max": 1300000}, "geometry": {"type": "Point", "coordinates": [86.195573, 22.789481]}}, {"type": "Feature", "properties": {"name": "Ashgabat", "adm0name": "Turkmenistan", "adm1name": "Ahal", "pop_max": 727700}, "geometry": {"type": "Point", "coordinates": [58.383299, 37.949995]}}, {"type": "Feature", "properties": {"name": "Samarkand", "adm0name": "Uzbekistan", "adm1name": "Samarkand", "pop_max": 708000}, "geometry": {"type": "Point", "coordinates": [66.944999, 39.670019]}}, {"type": "Feature", "properties": {"name": "Dushanbe", "adm0name": "Tajikistan", "adm1name": "Tadzhikistan Territories", "pop_max": 1086244}, "geometry": {"type": "Point", "coordinates": [68.773879, 38.560035]}}, {"type": "Feature", "properties": {"name": "Islamabad", "adm0name": "Pakistan", "adm1name": "F.C.T.", "pop_max": 780000}, "geometry": {"type": "Point", "coordinates": [73.08063, 33.689368]}}, {"type": "Feature", "properties": {"name": "Multan", "adm0name": "Pakistan", "adm1name": "Punjab", "pop_max": 1522000}, "geometry": {"type": "Point", "coordinates": [71.453062, 30.201923]}}, {"type": "Feature", "properties": {"name": "Hyderabad", "adm0name": "Pakistan", "adm1name": "Sind", "pop_max": 1459000}, "geometry": {"type": "Point", "coordinates": [68.373043, 25.381933]}}, {"type": "Feature", "properties": {"name": "Peshawar", "adm0name": "Pakistan", "adm1name": "N.W.F.P.", "pop_max": 1303000}, "geometry": {"type": "Point", "coordinates": [71.533057, 34.006962]}}, {"type": "Feature", "properties": {"name": "Kathmandu", "adm0name": "Nepal", "adm1name": "Bhaktapur", "pop_max": 895000}, "geometry": {"type": "Point", "coordinates": [85.314696, 27.718638]}}, {"type": "Feature", "properties": {"name": "Muscat", "adm0name": "Oman", "adm1name": "Muscat", "pop_max": 734697}, "geometry": {"type": "Point", "coordinates": [58.378311, 23.585179]}}, {"type": "Feature", "properties": {"name": "Colombo", "adm0name": "Sri Lanka", "adm1name": "Colombo", "pop_max": 217000}, "geometry": {"type": "Point", "coordinates": [79.857751, 6.931966]}}, {"type": "Feature", "properties": {"name": "Bishkek", "adm0name": "Kyrgyzstan", "adm1name": "Bishkek", "pop_max": 837000}, "geometry": {"type": "Point", "coordinates": [74.583258, 42.875025]}}, {"type": "Feature", "properties": {"name": "Jiayuguan", "adm0name": "China", "adm1name": "Gansu", "pop_max": 148279}, "geometry": {"type": "Point", "coordinates": [98.299984, 39.82001]}}, {"type": "Feature", "properties": {"name": "Xining", "adm0name": "China", "adm1name": "Gansu", "pop_max": 1048000}, "geometry": {"type": "Point", "coordinates": [101.768059, 36.621944]}}, {"type": "Feature", "properties": {"name": "Lhasa", "adm0name": "China", "adm1name": "Xizang", "pop_max": 219599}, "geometry": {"type": "Point", "coordinates": [91.10001, 29.645024]}}, {"type": "Feature", "properties": {"name": "Hami", "adm0name": "China", "adm1name": "Xinjiang Uygur", "pop_max": 580000}, "geometry": {"type": "Point", "coordinates": [93.515005, 42.826984]}}, {"type": "Feature", "properties": {"name": "Hotan", "adm0name": "China", "adm1name": "Xinjiang Uygur", "pop_max": 408894}, "geometry": {"type": "Point", "coordinates": [79.926945, 37.099711]}}, {"type": "Feature", "properties": {"name": "Kashgar", "adm0name": "China", "adm1name": "Xinjiang Uygur", "pop_max": 506640}, "geometry": {"type": "Point", "coordinates": [75.969926, 39.476336]}}, {"type": "Feature", "properties": {"name": "Vishakhapatnam", "adm0name": "India", "adm1name": "Andhra Pradesh", "pop_max": 1529000}, "geometry": {"type": "Point", "coordinates": [83.219848, 17.682903]}}, {"type": "Feature", "properties": {"name": "Almaty", "adm0name": "Kazakhstan", "adm1name": "Almaty", "pop_max": 1209000}, "geometry": {"type": "Point", "coordinates": [76.91309, 43.326936]}}, {"type": "Feature", "properties": {"name": "Amritsar", "adm0name": "India", "adm1name": "Punjab", "pop_max": 1212000}, "geometry": {"type": "Point", "coordinates": [74.868047, 31.641938]}}, {"type": "Feature", "properties": {"name": "Varanasi", "adm0name": "India", "adm1name": "Uttar Pradesh", "pop_max": 1352000}, "geometry": {"type": "Point", "coordinates": [82.998094, 25.331936]}}, {"type": "Feature", "properties": {"name": "Asansol", "adm0name": "India", "adm1name": "West Bengal", "pop_max": 1328000}, "geometry": {"type": "Point", "coordinates": [86.981387, 23.685279]}}, {"type": "Feature", "properties": {"name": "Bhilai", "adm0name": "India", "adm1name": "Chhattisgarh", "pop_max": 1097000}, "geometry": {"type": "Point", "coordinates": [81.372213, 21.211262]}}, {"type": "Feature", "properties": {"name": "Bhopal", "adm0name": "India", "adm1name": "Madhya Pradesh", "pop_max": 1727000}, "geometry": {"type": "Point", "coordinates": [77.408047, 23.251934]}}, {"type": "Feature", "properties": {"name": "Madurai", "adm0name": "India", "adm1name": "Tamil Nadu", "pop_max": 1294000}, "geometry": {"type": "Point", "coordinates": [78.118081, 9.921972]}}, {"type": "Feature", "properties": {"name": "Coimbatore", "adm0name": "India", "adm1name": "Tamil Nadu", "pop_max": 1696000}, "geometry": {"type": "Point", "coordinates": [76.948075, 11.001906]}}, {"type": "Feature", "properties": {"name": "Vientiane", "adm0name": "Laos", "adm1name": "Vientiane [prefecture]", "pop_max": 754000}, "geometry": {"type": "Point", "coordinates": [102.59998, 17.966693]}}, {"type": "Feature", "properties": {"name": "Kandahar", "adm0name": "Afghanistan", "adm1name": "Kandahar", "pop_max": 715542}, "geometry": {"type": "Point", "coordinates": [65.694946, 31.61002]}}, {"type": "Feature", "properties": {"name": "Phnom Penh", "adm0name": "Cambodia", "adm1name": "Phnom Penh", "pop_max": 1466000}, "geometry": {"type": "Point", "coordinates": [104.914689, 11.551976]}}, {"type": "Feature", "properties": {"name": "Thimphu", "adm0name": "Bhutan", "adm1name": "Thimphu", "pop_max": 98676}, "geometry": {"type": "Point", "coordinates": [89.639014, 27.472986]}}, {"type": "Feature", "properties": {"name": "Naypyidaw", "adm0name": "Myanmar", "adm1name": "Mandalay", "pop_max": 930000}, "geometry": {"type": "Point", "coordinates": [96.116673, 19.768503]}}, {"type": "Feature", "properties": {"name": "Mal\u00e9", "adm0name": "Maldives", "adm1name": null, "pop_max": 112927}, "geometry": {"type": "Point", "coordinates": [73.508901, 4.172037]}}, {"type": "Feature", "properties": {"name": "Lahore", "adm0name": "Pakistan", "adm1name": "Punjab", "pop_max": 6577000}, "geometry": {"type": "Point", "coordinates": [74.348079, 31.561917]}}, {"type": "Feature", "properties": {"name": "Karachi", "adm0name": "Pakistan", "adm1name": "Sind", "pop_max": 12130000}, "geometry": {"type": "Point", "coordinates": [66.988063, 24.871938]}}, {"type": "Feature", "properties": {"name": "Medan", "adm0name": "Indonesia", "adm1name": "Sumatera Utara", "pop_max": 2115000}, "geometry": {"type": "Point", "coordinates": [98.648094, 3.58192]}}, {"type": "Feature", "properties": {"name": "Kuala Lumpur", "adm0name": "Malaysia", "adm1name": "Selangor", "pop_max": 1448000}, "geometry": {"type": "Point", "coordinates": [101.688699, 3.139797]}}, {"type": "Feature", "properties": {"name": "Lanzhou", "adm0name": "China", "adm1name": "Gansu", "pop_max": 2561000}, "geometry": {"type": "Point", "coordinates": [103.790054, 36.057974]}}, {"type": "Feature", "properties": {"name": "Kunming", "adm0name": "China", "adm1name": "Yunnan", "pop_max": 2931000}, "geometry": {"type": "Point", "coordinates": [102.69744, 25.042859]}}, {"type": "Feature", "properties": {"name": "Delhi", "adm0name": "India", "adm1name": "Delhi", "pop_max": 15926000}, "geometry": {"type": "Point", "coordinates": [77.228058, 28.671939]}}, {"type": "Feature", "properties": {"name": "Hyderabad", "adm0name": "India", "adm1name": "Telangana", "pop_max": 6376000}, "geometry": {"type": "Point", "coordinates": [78.478008, 17.401929]}}, {"type": "Feature", "properties": {"name": "Pune", "adm0name": "India", "adm1name": "Maharashtra", "pop_max": 4672000}, "geometry": {"type": "Point", "coordinates": [73.851892, 18.516394]}}, {"type": "Feature", "properties": {"name": "Nagpur", "adm0name": "India", "adm1name": "Maharashtra", "pop_max": 2454000}, "geometry": {"type": "Point", "coordinates": [79.088048, 21.171906]}}, {"type": "Feature", "properties": {"name": "Mashhad", "adm0name": "Iran", "adm1name": "Razavi Khorasan", "pop_max": 2469000}, "geometry": {"type": "Point", "coordinates": [59.568051, 36.271966]}}, {"type": "Feature", "properties": {"name": "Jaipur", "adm0name": "India", "adm1name": "Rajasthan", "pop_max": 2917000}, "geometry": {"type": "Point", "coordinates": [75.808042, 26.923079]}}, {"type": "Feature", "properties": {"name": "Kanpur", "adm0name": "India", "adm1name": "Uttar Pradesh", "pop_max": 3162000}, "geometry": {"type": "Point", "coordinates": [80.31805, 26.461945]}}, {"type": "Feature", "properties": {"name": "Patna", "adm0name": "India", "adm1name": "Bihar", "pop_max": 2158000}, "geometry": {"type": "Point", "coordinates": [85.128093, 25.626905]}}, {"type": "Feature", "properties": {"name": "Chennai", "adm0name": "India", "adm1name": "Tamil Nadu", "pop_max": 7163000}, "geometry": {"type": "Point", "coordinates": [80.278053, 13.091934]}}, {"type": "Feature", "properties": {"name": "Ahmedabad", "adm0name": "India", "adm1name": "Dadra and Nagar Haveli", "pop_max": 5375000}, "geometry": {"type": "Point", "coordinates": [72.578058, 23.031999]}}, {"type": "Feature", "properties": {"name": "Surat", "adm0name": "India", "adm1name": "Dadra and Nagar Haveli", "pop_max": 3842000}, "geometry": {"type": "Point", "coordinates": [72.838094, 21.20193]}}, {"type": "Feature", "properties": {"name": "Dhaka", "adm0name": "Bangladesh", "adm1name": "Dhaka", "pop_max": 12797394}, "geometry": {"type": "Point", "coordinates": [90.406634, 23.725006]}}, {"type": "Feature", "properties": {"name": "Chattogram", "adm0name": "Bangladesh", "adm1name": "Chittagong", "pop_max": 4529000}, "geometry": {"type": "Point", "coordinates": [91.798022, 22.331938]}}, {"type": "Feature", "properties": {"name": "Yangon", "adm0name": "Myanmar", "adm1name": "Yangon", "pop_max": 4088000}, "geometry": {"type": "Point", "coordinates": [96.164732, 16.7853]}}, {"type": "Feature", "properties": {"name": "Dubai", "adm0name": "United Arab Emirates", "adm1name": "Dubay", "pop_max": 1379000}, "geometry": {"type": "Point", "coordinates": [55.286946, 25.214912]}}, {"type": "Feature", "properties": {"name": "Tashkent", "adm0name": "Uzbekistan", "adm1name": "Tashkent", "pop_max": 2184000}, "geometry": {"type": "Point", "coordinates": [69.268823, 41.303828]}}, {"type": "Feature", "properties": {"name": "Bangkok", "adm0name": "Thailand", "adm1name": "Bangkok Metropolis", "pop_max": 6704000}, "geometry": {"type": "Point", "coordinates": [100.514699, 13.751945]}}, {"type": "Feature", "properties": {"name": "\u00dcr\u00fcmqi", "adm0name": "China", "adm1name": "Xinjiang Uygur", "pop_max": 3575000}, "geometry": {"type": "Point", "coordinates": [87.57306, 43.806958]}}, {"type": "Feature", "properties": {"name": "Chengdu", "adm0name": "China", "adm1name": "Sichuan", "pop_max": 4123000}, "geometry": {"type": "Point", "coordinates": [104.068074, 30.671946]}}, {"type": "Feature", "properties": {"name": "New Delhi", "adm0name": "India", "adm1name": "Delhi", "pop_max": 317797}, "geometry": {"type": "Point", "coordinates": [77.19998, 28.600023]}}, {"type": "Feature", "properties": {"name": "Bengaluru", "adm0name": "India", "adm1name": "Karnataka", "pop_max": 6787000}, "geometry": {"type": "Point", "coordinates": [77.558064, 12.971941]}}, {"type": "Feature", "properties": {"name": "Kabul", "adm0name": "Afghanistan", "adm1name": "Kabul", "pop_max": 3277000}, "geometry": {"type": "Point", "coordinates": [69.181314, 34.518636]}}, {"type": "Feature", "properties": {"name": "Mumbai", "adm0name": "India", "adm1name": "Maharashtra", "pop_max": 18978000}, "geometry": {"type": "Point", "coordinates": [72.875839, 19.068408]}}, {"type": "Feature", "properties": {"name": "Kolkata", "adm0name": "India", "adm1name": "West Bengal", "pop_max": 14787000}, "geometry": {"type": "Point", "coordinates": [88.369126, 22.569579]}}, {"type": "Feature", "properties": {"name": "Singapore", "adm0name": "Singapore", "adm1name": null, "pop_max": 5183700}, "geometry": {"type": "Point", "coordinates": [103.853875, 1.294979]}}]}